id_in_group,direction,fill_quantity,profit,contract_price,contract_quantity,group_id,order_price,period,block,price_dev_from_contract,in_market_quantity,ce_price,format,time
1,buy,0.0,0,17.0,300.0,1,5.619047619047619,1,1,11.380952380952381,300.0,14,CDA,T1-T10
2,buy,183.0,1216,14.0,400.0,1,9.363636363636363,1,1,4.636363636363637,200.0,14,CDA,T1-T10
3,buy,101.0,707,17.0,300.0,1,10.156626506024097,1,1,6.843373493975903,300.0,14,CDA,T1-T10
4,buy,269.0,1883,16.0,300.0,1,9.0,1,1,7.0,300.0,14,CDA,T1-T10
5,sell,400.0,2200,3.0,400.0,1,8.5,1,1,5.5,400.0,14,CDA,T1-T10
6,sell,89.0,445,4.0,400.0,1,13.4,1,1,9.4,400.0,14,CDA,T1-T10
7,sell,64.0,-320,14.0,400.0,1,13.532467532467532,1,1,-0.46753246753246813,0.0,14,CDA,T1-T10
8,sell,0.0,0,11.0,300.0,1,12.85,1,1,1.8499999999999996,300.0,14,CDA,T1-T10
1,buy,300.0,1800,17.0,300.0,1,11.555555555555555,2,1,5.444444444444445,300.0,14,CDA,T1-T10
2,buy,194.0,-612,14.0,400.0,1,8.5,2,1,5.5,200.0,14,CDA,T1-T10
3,buy,43.0,538,17.0,300.0,1,7.768656716417911,2,1,9.231343283582088,300.0,14,CDA,T1-T10
4,buy,220.0,2359,16.0,300.0,1,4.921052631578948,2,1,11.078947368421051,300.0,14,CDA,T1-T10
5,sell,400.0,2702,3.0,400.0,1,4.0,2,1,1.0,400.0,14,CDA,T1-T10
6,sell,219.0,1239,4.0,400.0,1,18.533333333333335,2,1,14.533333333333335,400.0,14,CDA,T1-T10
7,sell,22.0,189,14.0,400.0,1,9.382716049382717,2,1,-4.617283950617283,0.0,14,CDA,T1-T10
8,sell,116.0,192,11.0,300.0,1,12.0,2,1,1.0,300.0,14,CDA,T1-T10
1,buy,300.0,2500,17.0,300.0,1,12.333333333333334,3,1,4.666666666666666,300.0,14,CDA,T1-T10
2,buy,290.0,-119,14.0,400.0,1,10.573529411764707,3,1,3.4264705882352935,200.0,14,CDA,T1-T10
3,buy,31.0,1032,17.0,300.0,1,9.795180722891565,3,1,7.2048192771084345,300.0,14,CDA,T1-T10
4,buy,200.0,2180,16.0,300.0,1,6.45945945945946,3,1,9.54054054054054,300.0,14,CDA,T1-T10
5,sell,400.0,1017,3.0,400.0,1,4.25,3,1,1.25,400.0,14,CDA,T1-T10
6,sell,251.0,1892,4.0,400.0,1,12.830508474576272,3,1,8.830508474576272,400.0,14,CDA,T1-T10
7,sell,4.0,133,14.0,400.0,1,12.65625,3,1,-1.34375,0.0,14,CDA,T1-T10
8,sell,166.0,166,11.0,300.0,1,12.0,3,1,1.0,300.0,14,CDA,T1-T10
1,buy,300.0,2457,17.0,300.0,1,10.875,4,1,6.125,300.0,14,CDA,T1-T10
2,buy,270.0,-735,14.0,400.0,1,7.1625,4,1,6.8375,200.0,14,CDA,T1-T10
3,buy,111.0,1503,17.0,300.0,1,10.952380952380953,4,1,6.0476190476190474,300.0,14,CDA,T1-T10
4,buy,182.0,1662,16.0,300.0,1,7.0,4,1,9.0,300.0,14,CDA,T1-T10
5,sell,400.0,1669,3.0,400.0,1,5.0,4,1,2.0,400.0,14,CDA,T1-T10
6,sell,209.0,1684,4.0,400.0,1,10.73076923076923,4,1,6.73076923076923,400.0,14,CDA,T1-T10
7,sell,4.0,227,14.0,400.0,1,10.7,4,1,-3.3000000000000007,0.0,14,CDA,T1-T10
8,sell,250.0,370,11.0,300.0,1,11.203389830508474,4,1,0.20338983050847403,300.0,14,CDA,T1-T10
1,buy,310.0,391,6.0,400.0,1,4.078431372549019,5,2,1.9215686274509807,0.0,6,CDA,T1-T10
2,buy,170.0,-191,8.0,400.0,1,7.579545454545454,5,2,0.42045454545454586,400.0,6,CDA,T1-T10
3,buy,177.0,1925,17.0,400.0,1,6.862385321100917,5,2,10.137614678899084,400.0,6,CDA,T1-T10
4,buy,239.0,2151,15.0,400.0,1,4.444444444444445,5,2,10.555555555555555,400.0,6,CDA,T1-T10
5,sell,341.0,422,5.0,400.0,1,6.9411764705882355,5,2,1.9411764705882355,400.0,6,CDA,T1-T10
6,sell,92.0,-92,6.0,400.0,1,8.448979591836734,5,2,2.448979591836734,200.0,6,CDA,T1-T10
7,sell,164.0,392,4.0,300.0,1,8.492537313432836,5,2,4.492537313432836,300.0,6,CDA,T1-T10
8,sell,299.0,1006,3.0,300.0,1,4.288135593220339,5,2,1.288135593220339,300.0,6,CDA,T1-T10
1,buy,400.0,420,6.0,400.0,1,4.538461538461538,6,2,1.4615384615384617,0.0,6,CDA,T1-T10
2,buy,60.0,-1267,8.0,400.0,1,4.714285714285714,6,2,3.2857142857142856,400.0,6,CDA,T1-T10
3,buy,134.0,1474,17.0,400.0,1,8.5,6,2,8.5,400.0,6,CDA,T1-T10
4,buy,297.0,2828,15.0,400.0,1,4.214285714285714,6,2,10.785714285714285,400.0,6,CDA,T1-T10
5,sell,299.0,576,5.0,400.0,1,7.957746478873239,6,2,2.957746478873239,400.0,6,CDA,T1-T10
6,sell,102.0,200,6.0,400.0,1,6.724137931034483,6,2,0.7241379310344831,200.0,6,CDA,T1-T10
7,sell,284.0,529,4.0,300.0,1,6.255813953488372,6,2,2.2558139534883717,300.0,6,CDA,T1-T10
8,sell,206.0,992,3.0,300.0,1,7.0,6,2,4.0,300.0,6,CDA,T1-T10
1,buy,400.0,416,6.0,400.0,1,4.671875,7,2,1.328125,0.0,6,CDA,T1-T10
2,buy,257.0,-237,8.0,400.0,1,7.670886075949367,7,2,0.3291139240506329,400.0,6,CDA,T1-T10
3,buy,293.0,3283,17.0,400.0,1,7.326315789473684,7,2,9.673684210526316,400.0,6,CDA,T1-T10
4,buy,321.0,3227,15.0,400.0,1,5.285714285714286,7,2,9.714285714285715,400.0,6,CDA,T1-T10
5,sell,400.0,470,5.0,400.0,1,6.0,7,2,1.0,400.0,6,CDA,T1-T10
6,sell,319.0,-181,6.0,400.0,1,6.885245901639344,7,2,0.8852459016393439,200.0,6,CDA,T1-T10
7,sell,300.0,563,4.0,300.0,1,5.566666666666666,7,2,1.5666666666666664,300.0,6,CDA,T1-T10
8,sell,252.0,841,3.0,300.0,1,5.076923076923077,7,2,2.0769230769230766,300.0,6,CDA,T1-T10
1,buy,233.0,257,6.0,400.0,1,4.813186813186813,8,2,1.186813186813187,0.0,6,CDA,T1-T10
2,buy,139.0,-633,8.0,400.0,1,5.60377358490566,8,2,2.3962264150943398,400.0,6,CDA,T1-T10
3,buy,364.0,4034,17.0,400.0,1,6.509803921568627,8,2,10.490196078431373,400.0,6,CDA,T1-T10
4,buy,341.0,2939,15.0,400.0,1,5.0,8,2,10.0,400.0,6,CDA,T1-T10
5,sell,400.0,500,5.0,400.0,1,6.487179487179487,8,2,1.4871794871794872,400.0,6,CDA,T1-T10
6,sell,111.0,222,6.0,400.0,1,8.456140350877194,8,2,2.4561403508771935,200.0,6,CDA,T1-T10
7,sell,283.0,792,4.0,300.0,1,5.67741935483871,8,2,1.67741935483871,300.0,6,CDA,T1-T10
8,sell,283.0,1055,3.0,300.0,1,6.125,8,2,3.125,300.0,6,CDA,T1-T10
1,buy,300.0,3090,16.0,300.0,1,5.699999999999999,9,3,10.3,300.0,9,CDA,T1-T10
2,buy,207.0,1707,15.0,400.0,1,8.662650602409638,9,3,6.337349397590362,400.0,9,CDA,T1-T10
3,buy,75.0,614,10.0,400.0,1,6.176470588235294,9,3,3.8235294117647056,400.0,9,CDA,T1-T10
4,buy,290.0,2481,14.0,400.0,1,5.466666666666667,9,3,8.533333333333333,400.0,9,CDA,T1-T10
5,sell,400.0,433,3.0,400.0,1,4.0,9,3,1.0,400.0,9,CDA,T1-T10
6,sell,211.0,211,5.0,400.0,1,6.25,9,3,1.25,400.0,9,CDA,T1-T10
7,sell,243.0,790,4.0,400.0,1,6.321100917431193,9,3,2.3211009174311927,400.0,9,CDA,T1-T10
8,sell,18.0,18,8.0,300.0,1,9.933333333333334,9,3,1.9333333333333336,300.0,9,CDA,T1-T10
1,buy,300.0,2818,16.0,300.0,1,14.875,10,3,1.125,300.0,9,CDA,T1-T10
2,buy,291.0,2054,15.0,400.0,1,8.074766355140186,10,3,6.925233644859814,400.0,9,CDA,T1-T10
3,buy,200.0,800,10.0,400.0,1,6.723404255319149,10,3,3.2765957446808507,400.0,9,CDA,T1-T10
4,buy,315.0,2660,14.0,400.0,1,4.958333333333333,10,3,9.041666666666668,400.0,9,CDA,T1-T10
5,sell,400.0,1190,3.0,400.0,1,5.333333333333333,10,3,2.333333333333333,400.0,9,CDA,T1-T10
6,sell,112.0,112,5.0,400.0,1,6.0,10,3,1.0,400.0,9,CDA,T1-T10
7,sell,399.0,830,4.0,400.0,1,6.164179104477612,10,3,2.164179104477612,400.0,9,CDA,T1-T10
8,sell,195.0,195,8.0,300.0,1,9.0,10,3,1.0,300.0,9,CDA,T1-T10
1,buy,300.0,2932,16.0,300.0,1,6.226666666666667,11,3,9.773333333333333,300.0,9,CDA,T11-T20
2,buy,399.0,3858,15.0,400.0,1,7.6103896103896105,11,3,7.3896103896103895,400.0,9,CDA,T11-T20
3,buy,83.0,415,10.0,400.0,1,6.752380952380952,11,3,3.2476190476190476,400.0,9,CDA,T11-T20
4,buy,327.0,2813,14.0,400.0,1,5.230769230769231,11,3,8.76923076923077,400.0,9,CDA,T11-T20
5,sell,352.0,623,3.0,400.0,1,5.421052631578948,11,3,2.421052631578948,400.0,9,CDA,T11-T20
6,sell,370.0,352,5.0,400.0,1,6.0,11,3,1.0,400.0,9,CDA,T11-T20
7,sell,383.0,726,4.0,400.0,1,6.114754098360656,11,3,2.114754098360656,400.0,9,CDA,T11-T20
8,sell,4.0,4,8.0,300.0,1,9.0,11,3,1.0,300.0,9,CDA,T11-T20
1,buy,300.0,3011,16.0,300.0,1,5.963333333333333,12,3,10.036666666666667,300.0,9,CDA,T11-T20
2,buy,400.0,3223,15.0,400.0,1,16.0,12,3,-1.0,400.0,9,CDA,T11-T20
3,buy,78.0,613,10.0,400.0,1,6.142857142857143,12,3,3.8571428571428568,400.0,9,CDA,T11-T20
4,buy,252.0,2278,14.0,400.0,1,4.4,12,3,9.6,400.0,9,CDA,T11-T20
5,sell,400.0,600,3.0,400.0,1,4.944444444444445,12,3,1.9444444444444446,400.0,9,CDA,T11-T20
6,sell,176.0,176,5.0,400.0,1,6.0,12,3,1.0,400.0,9,CDA,T11-T20
7,sell,291.0,496,4.0,400.0,1,5.305555555555555,12,3,1.3055555555555554,400.0,9,CDA,T11-T20
8,sell,163.0,163,8.0,300.0,1,9.166666666666666,12,3,1.166666666666666,300.0,9,CDA,T11-T20
1,buy,400.0,4219,17.0,400.0,1,3.4545454545454546,13,4,13.545454545454545,400.0,6,CDA,T11-T20
2,buy,400.0,3011,15.0,400.0,1,16.628865979381445,13,4,-1.6288659793814446,400.0,6,CDA,T11-T20
3,buy,96.0,384,8.0,400.0,1,5.854368932038835,13,4,2.1456310679611654,400.0,6,CDA,T11-T20
4,buy,64.0,128,6.0,400.0,1,3.857142857142857,13,4,2.142857142857143,0.0,6,CDA,T11-T20
5,sell,341.0,341,6.0,400.0,1,6.569620253164557,13,4,0.5696202531645573,200.0,6,CDA,T11-T20
6,sell,264.0,264,3.0,300.0,1,5.953488372093023,13,4,2.953488372093023,300.0,6,CDA,T11-T20
7,sell,136.0,335,5.0,400.0,1,4.59,13,4,-0.41000000000000014,400.0,6,CDA,T11-T20
8,sell,219.0,876,4.0,300.0,1,6.7272727272727275,13,4,2.7272727272727275,300.0,6,CDA,T11-T20
1,buy,400.0,4031,17.0,400.0,1,6.922499999999999,14,4,10.0775,400.0,6,CDA,T11-T20
2,buy,400.0,3884,15.0,400.0,1,16.0,14,4,-1.0,400.0,6,CDA,T11-T20
3,buy,21.0,338,8.0,400.0,1,5.2439024390243905,14,4,2.7560975609756095,400.0,6,CDA,T11-T20
4,buy,159.0,159,6.0,400.0,1,3.111111111111111,14,4,2.888888888888889,0.0,6,CDA,T11-T20
5,sell,200.0,0,6.0,400.0,1,6.1923076923076925,14,4,0.1923076923076925,200.0,6,CDA,T11-T20
6,sell,300.0,315,3.0,300.0,1,4.45,14,4,1.4500000000000002,300.0,6,CDA,T11-T20
7,sell,333.0,107,5.0,400.0,1,5.247191011235955,14,4,0.24719101123595522,400.0,6,CDA,T11-T20
8,sell,147.0,735,4.0,300.0,1,7.492957746478873,14,4,3.492957746478873,300.0,6,CDA,T11-T20
1,buy,400.0,3984,17.0,400.0,1,8.0,15,4,9.0,400.0,6,CDA,T11-T20
2,buy,400.0,3214,15.0,400.0,1,15.065934065934066,15,4,-0.0659340659340657,400.0,6,CDA,T11-T20
3,buy,27.0,167,8.0,400.0,1,4.352941176470588,15,4,3.647058823529412,400.0,6,CDA,T11-T20
4,buy,170.0,170,6.0,400.0,1,5.6521739130434785,15,4,0.3478260869565215,0.0,6,CDA,T11-T20
5,sell,332.0,266,6.0,400.0,1,5.728813559322034,15,4,-0.27118644067796627,200.0,6,CDA,T11-T20
6,sell,235.0,701,3.0,300.0,1,10.13953488372093,15,4,7.1395348837209305,300.0,6,CDA,T11-T20
7,sell,313.0,219,5.0,400.0,1,5.794871794871795,15,4,0.7948717948717947,400.0,6,CDA,T11-T20
8,sell,117.0,585,4.0,300.0,1,8.75,15,4,4.75,300.0,6,CDA,T11-T20
1,buy,400.0,4468,17.0,400.0,1,5.83,16,4,11.17,400.0,6,CDA,T11-T20
2,buy,400.0,3852,15.0,400.0,1,16.0,16,4,-1.0,400.0,6,CDA,T11-T20
3,buy,13.0,52,8.0,400.0,1,2.3225806451612905,16,4,5.67741935483871,400.0,6,CDA,T11-T20
4,buy,181.0,222,6.0,400.0,1,4.446428571428571,16,4,1.5535714285714288,0.0,6,CDA,T11-T20
5,sell,314.0,0,6.0,400.0,1,6.777777777777778,16,4,0.7777777777777777,200.0,6,CDA,T11-T20
6,sell,300.0,546,3.0,300.0,1,6.333333333333333,16,4,3.333333333333333,300.0,6,CDA,T11-T20
7,sell,269.0,85,5.0,400.0,1,5.023255813953488,16,4,0.023255813953488413,400.0,6,CDA,T11-T20
8,sell,111.0,192,4.0,300.0,1,6.375,16,4,2.375,300.0,6,CDA,T11-T20
1,buy,400.0,2506,14.0,400.0,1,10.0,17,5,4.0,200.0,14,CDA,T11-T20
2,buy,300.0,1611,16.0,300.0,1,14.403846153846153,17,5,1.5961538461538467,300.0,14,CDA,T11-T20
3,buy,42.0,518,17.0,300.0,1,8.58,17,5,8.42,300.0,14,CDA,T11-T20
4,buy,193.0,2145,17.0,300.0,1,5.84,17,5,11.16,300.0,14,CDA,T11-T20
5,sell,99.0,99,14.0,400.0,1,15.0,17,5,1.0,0.0,14,CDA,T11-T20
6,sell,61.0,-135,11.0,300.0,1,12.097222222222221,17,5,1.0972222222222214,300.0,14,CDA,T11-T20
7,sell,386.0,1328,4.0,400.0,1,6.9,17,5,2.9000000000000004,400.0,14,CDA,T11-T20
8,sell,389.0,1555,3.0,400.0,1,5.980392156862745,17,5,2.980392156862745,400.0,14,CDA,T11-T20
1,buy,400.0,2552,14.0,400.0,1,9.0,18,5,5.0,200.0,14,CDA,T11-T20
2,buy,300.0,2382,16.0,300.0,1,17.0,18,5,-1.0,300.0,14,CDA,T11-T20
3,buy,118.0,1085,17.0,300.0,1,8.887640449438202,18,5,8.112359550561798,300.0,14,CDA,T11-T20
4,buy,0.0,0,17.0,300.0,1,6.5,18,5,10.5,300.0,14,CDA,T11-T20
5,sell,0.0,0,14.0,400.0,1,15.431372549019608,18,5,1.431372549019608,0.0,14,CDA,T11-T20
6,sell,50.0,50,11.0,300.0,1,11.542553191489361,18,5,0.5425531914893611,300.0,14,CDA,T11-T20
7,sell,368.0,1315,4.0,400.0,1,8.81132075471698,18,5,4.811320754716981,400.0,14,CDA,T11-T20
8,sell,400.0,1800,3.0,400.0,1,7.571428571428571,18,5,4.571428571428571,400.0,14,CDA,T11-T20
1,buy,400.0,1819,14.0,400.0,1,10.619047619047619,19,5,3.3809523809523814,200.0,14,CDA,T11-T20
2,buy,300.0,1900,16.0,300.0,1,17.0,19,5,-1.0,300.0,14,CDA,T11-T20
3,buy,130.0,1040,17.0,300.0,1,8.811881188118813,19,5,8.188118811881187,300.0,14,CDA,T11-T20
4,buy,225.0,2130,17.0,300.0,1,6.956521739130435,19,5,10.043478260869566,300.0,14,CDA,T11-T20
5,sell,0.0,0,14.0,400.0,1,14.0,19,5,0.0,0.0,14,CDA,T11-T20
6,sell,260.0,-240,11.0,300.0,1,11.392857142857142,19,5,0.39285714285714235,300.0,14,CDA,T11-T20
7,sell,395.0,1655,4.0,400.0,1,8.872727272727273,19,5,4.872727272727273,400.0,14,CDA,T11-T20
8,sell,400.0,2491,3.0,400.0,1,9.0,19,5,6.0,400.0,14,CDA,T11-T20
1,buy,386.0,2316,14.0,400.0,1,8.0,20,5,6.0,200.0,14,CDA,T11-T20
2,buy,300.0,2193,16.0,300.0,1,17.177083333333332,20,5,-1.1770833333333321,300.0,14,CDA,T11-T20
3,buy,142.0,1278,17.0,300.0,1,8.513513513513514,20,5,8.486486486486486,300.0,14,CDA,T11-T20
4,buy,0.0,0,17.0,300.0,1,7.294117647058823,20,5,9.705882352941178,300.0,14,CDA,T11-T20
5,sell,0.0,0,14.0,400.0,1,14.0,20,5,0.0,0.0,14,CDA,T11-T20
6,sell,28.0,-84,11.0,300.0,1,11.422535211267606,20,5,0.42253521126760596,300.0,14,CDA,T11-T20
7,sell,400.0,1607,4.0,400.0,1,8.454545454545455,20,5,4.454545454545455,400.0,14,CDA,T11-T20
8,sell,400.0,2200,3.0,400.0,1,9.0,20,5,6.0,400.0,14,CDA,T11-T20
1,buy,300.0,2701,17.0,300.0,2,6.46875,1,1,10.53125,300.0,14,CDA,T1-T10
2,buy,400.0,2303,14.0,400.0,2,7.795454545454546,1,1,6.204545454545454,200.0,14,CDA,T1-T10
3,buy,200.0,1400,17.0,300.0,2,18.0,1,1,-1.0,300.0,14,CDA,T1-T10
4,buy,298.0,1689,16.0,300.0,2,17.862068965517242,1,1,-1.862068965517242,300.0,14,CDA,T1-T10
5,sell,247.0,1673,3.0,400.0,2,9.46774193548387,1,1,6.46774193548387,400.0,14,CDA,T1-T10
6,sell,400.0,2093,4.0,400.0,2,3.054054054054054,1,1,-0.945945945945946,400.0,14,CDA,T1-T10
7,sell,251.0,-1407,14.0,400.0,2,8.378378378378379,1,1,-5.621621621621621,0.0,14,CDA,T1-T10
8,sell,300.0,-739,11.0,300.0,2,10.0,1,1,-1.0,300.0,14,CDA,T1-T10
1,buy,251.0,2147,17.0,300.0,2,8.08860759493671,2,1,8.91139240506329,300.0,14,CDA,T1-T10
2,buy,350.0,2351,14.0,400.0,2,5.337662337662338,2,1,8.662337662337663,200.0,14,CDA,T1-T10
3,buy,117.0,789,17.0,300.0,2,17.80952380952381,2,1,-0.8095238095238102,300.0,14,CDA,T1-T10
4,buy,300.0,1875,16.0,300.0,2,17.576470588235296,2,1,-1.5764705882352956,300.0,14,CDA,T1-T10
5,sell,387.0,2209,3.0,400.0,2,12.05,2,1,9.05,400.0,14,CDA,T1-T10
6,sell,400.0,1400,4.0,400.0,2,4.4,2,1,0.40000000000000036,400.0,14,CDA,T1-T10
7,sell,191.0,-974,14.0,400.0,2,11.882352941176471,2,1,-2.117647058823529,0.0,14,CDA,T1-T10
8,sell,40.0,284,11.0,300.0,2,10.581967213114755,2,1,-0.41803278688524514,300.0,14,CDA,T1-T10
1,buy,300.0,2600,17.0,300.0,2,7.388888888888889,3,1,9.61111111111111,300.0,14,CDA,T1-T10
2,buy,360.0,1575,14.0,400.0,2,8.027522935779816,3,1,5.972477064220184,200.0,14,CDA,T1-T10
3,buy,272.0,1904,17.0,300.0,2,10.936170212765957,3,1,6.063829787234043,300.0,14,CDA,T1-T10
4,buy,299.0,1590,16.0,300.0,2,16.35483870967742,3,1,-0.35483870967741993,300.0,14,CDA,T1-T10
5,sell,400.0,2644,3.0,400.0,2,10.0,3,1,7.0,400.0,14,CDA,T1-T10
6,sell,299.0,1603,4.0,400.0,2,12.379310344827585,3,1,8.379310344827585,400.0,14,CDA,T1-T10
7,sell,237.0,-1119,14.0,400.0,2,12.145454545454545,3,1,-1.8545454545454554,0.0,14,CDA,T1-T10
8,sell,295.0,-208,11.0,300.0,2,12.9,3,1,1.9000000000000004,300.0,14,CDA,T1-T10
1,buy,300.0,2400,17.0,300.0,2,8.5,4,1,8.5,300.0,14,CDA,T1-T10
2,buy,400.0,1448,14.0,400.0,2,7.863013698630137,4,1,6.136986301369863,200.0,14,CDA,T1-T10
3,buy,298.0,1932,17.0,300.0,2,13.348837209302326,4,1,3.651162790697674,300.0,14,CDA,T1-T10
4,buy,283.0,1799,16.0,300.0,2,17.022727272727273,4,1,-1.0227272727272734,300.0,14,CDA,T1-T10
5,sell,400.0,2618,3.0,400.0,2,9.642857142857142,4,1,6.642857142857142,400.0,14,CDA,T1-T10
6,sell,400.0,2356,4.0,400.0,2,11.371428571428572,4,1,7.371428571428572,400.0,14,CDA,T1-T10
7,sell,262.0,-1183,14.0,400.0,2,12.157894736842104,4,1,-1.8421052631578956,0.0,14,CDA,T1-T10
8,sell,219.0,47,11.0,300.0,2,11.50561797752809,4,1,0.5056179775280896,300.0,14,CDA,T1-T10
1,buy,251.0,498,6.0,400.0,2,4.0989010989010985,5,2,1.9010989010989015,0.0,6,CDA,T1-T10
2,buy,281.0,992,8.0,400.0,2,3.8764044943820224,5,2,4.123595505617978,400.0,6,CDA,T1-T10
3,buy,136.0,1289,17.0,400.0,2,15.26086956521739,5,2,1.7391304347826093,400.0,6,CDA,T1-T10
4,buy,400.0,2200,15.0,400.0,2,16.0,5,2,-1.0,400.0,6,CDA,T1-T10
5,sell,308.0,1324,5.0,400.0,2,8.478260869565217,5,2,3.478260869565217,400.0,6,CDA,T1-T10
6,sell,165.0,612,6.0,400.0,2,6.951724137931034,5,2,0.9517241379310342,200.0,6,CDA,T1-T10
7,sell,298.0,328,4.0,300.0,2,4.6415094339622645,5,2,0.6415094339622645,300.0,6,CDA,T1-T10
8,sell,297.0,210,3.0,300.0,2,6.357142857142857,5,2,3.3571428571428568,300.0,6,CDA,T1-T10
1,buy,0.0,0,6.0,400.0,2,4.504587155963303,6,2,1.4954128440366974,0.0,6,CDA,T1-T10
2,buy,200.0,400,8.0,400.0,2,4.654205607476635,6,2,3.3457943925233646,400.0,6,CDA,T1-T10
3,buy,400.0,3313,17.0,400.0,2,9.65,6,2,7.35,400.0,6,CDA,T1-T10
4,buy,400.0,3366,15.0,400.0,2,17.0,6,2,-2.0,400.0,6,CDA,T1-T10
5,sell,400.0,1200,5.0,400.0,2,9.243243243243244,6,2,4.243243243243244,400.0,6,CDA,T1-T10
6,sell,41.0,369,6.0,400.0,2,11.698795180722891,6,2,5.698795180722891,200.0,6,CDA,T1-T10
7,sell,287.0,632,4.0,300.0,2,7.0,6,2,3.0,300.0,6,CDA,T1-T10
8,sell,272.0,910,3.0,300.0,2,9.408163265306122,6,2,6.408163265306122,300.0,6,CDA,T1-T10
1,buy,6.0,6,6.0,400.0,2,4.554545454545455,7,2,1.4454545454545453,0.0,6,CDA,T1-T10
2,buy,160.0,392,8.0,400.0,2,4.446601941747573,7,2,3.5533980582524274,400.0,6,CDA,T1-T10
3,buy,276.0,2243,17.0,400.0,2,9.555555555555555,7,2,7.444444444444445,400.0,6,CDA,T1-T10
4,buy,400.0,2680,15.0,400.0,2,16.82758620689655,7,2,-1.8275862068965516,400.0,6,CDA,T1-T10
5,sell,394.0,1784,5.0,400.0,2,8.522222222222222,7,2,3.522222222222222,400.0,6,CDA,T1-T10
6,sell,112.0,252,6.0,400.0,2,9.261904761904763,7,2,3.2619047619047628,200.0,6,CDA,T1-T10
7,sell,36.0,72,4.0,300.0,2,7.176470588235294,7,2,3.1764705882352944,300.0,6,CDA,T1-T10
8,sell,300.0,893,3.0,300.0,2,6.28125,7,2,3.28125,300.0,6,CDA,T1-T10
1,buy,0.0,0,6.0,400.0,2,5.0,8,2,1.0,0.0,6,CDA,T1-T10
2,buy,275.0,550,8.0,400.0,2,5.204301075268817,8,2,2.795698924731183,400.0,6,CDA,T1-T10
3,buy,396.0,3452,17.0,400.0,2,9.303030303030303,8,2,7.696969696969697,400.0,6,CDA,T1-T10
4,buy,400.0,3098,15.0,400.0,2,7.255,8,2,7.745,400.0,6,CDA,T1-T10
5,sell,378.0,1066,5.0,400.0,2,8.638297872340425,8,2,3.6382978723404253,400.0,6,CDA,T1-T10
6,sell,200.0,600,6.0,400.0,2,9.7875,8,2,3.7874999999999996,200.0,6,CDA,T1-T10
7,sell,193.0,504,4.0,300.0,2,6.95945945945946,8,2,2.9594594594594597,300.0,6,CDA,T1-T10
8,sell,300.0,900,3.0,300.0,2,6.7407407407407405,8,2,3.7407407407407405,300.0,6,CDA,T1-T10
1,buy,300.0,2794,16.0,300.0,2,7.0,9,3,9.0,300.0,9,CDA,T1-T10
2,buy,400.0,3000,15.0,400.0,2,6.209302325581396,9,3,8.790697674418604,400.0,9,CDA,T1-T10
3,buy,242.0,550,10.0,400.0,2,8.06578947368421,9,3,1.9342105263157894,400.0,9,CDA,T1-T10
4,buy,399.0,2115,14.0,400.0,2,16.0,9,3,-2.0,400.0,9,CDA,T1-T10
5,sell,263.0,789,3.0,400.0,2,8.048192771084338,9,3,5.048192771084338,400.0,9,CDA,T1-T10
6,sell,400.0,1400,5.0,400.0,2,8.181818181818182,9,3,3.1818181818181817,400.0,9,CDA,T1-T10
7,sell,397.0,1252,4.0,400.0,2,5.2592592592592595,9,3,1.2592592592592595,400.0,9,CDA,T1-T10
8,sell,281.0,281,8.0,300.0,2,9.0,9,3,1.0,300.0,9,CDA,T1-T10
1,buy,212.0,1696,16.0,300.0,2,7.425742574257426,10,3,8.574257425742573,300.0,9,CDA,T1-T10
2,buy,297.0,2376,15.0,400.0,2,7.555555555555555,10,3,7.444444444444445,400.0,9,CDA,T1-T10
3,buy,398.0,588,10.0,400.0,2,10.925925925925926,10,3,-0.9259259259259256,400.0,9,CDA,T1-T10
4,buy,400.0,2100,14.0,400.0,2,15.0,10,3,-1.0,400.0,9,CDA,T1-T10
5,sell,400.0,2009,3.0,400.0,2,8.9,10,3,5.9,400.0,9,CDA,T1-T10
6,sell,313.0,1052,5.0,400.0,2,6.50354609929078,10,3,1.50354609929078,400.0,9,CDA,T1-T10
7,sell,343.0,1210,4.0,400.0,2,6.317073170731708,10,3,2.3170731707317076,400.0,9,CDA,T1-T10
8,sell,251.0,251,8.0,300.0,2,9.0,10,3,1.0,300.0,9,CDA,T1-T10
1,buy,300.0,2201,16.0,300.0,2,6.4375,11,3,9.5625,300.0,9,CDA,T11-T20
2,buy,260.0,1894,15.0,400.0,2,6.255102040816326,11,3,8.744897959183675,400.0,9,CDA,T11-T20
3,buy,400.0,625,10.0,400.0,2,8.9,11,3,1.0999999999999996,400.0,9,CDA,T11-T20
4,buy,400.0,2083,14.0,400.0,2,14.40625,11,3,-0.40625,400.0,9,CDA,T11-T20
5,sell,400.0,2120,3.0,400.0,2,8.619047619047619,11,3,5.619047619047619,400.0,9,CDA,T11-T20
6,sell,274.0,1096,5.0,400.0,2,9.431372549019608,11,3,4.431372549019608,400.0,9,CDA,T11-T20
7,sell,386.0,1467,4.0,400.0,2,6.325,11,3,2.325,400.0,9,CDA,T11-T20
8,sell,300.0,300,8.0,300.0,2,9.0,11,3,1.0,300.0,9,CDA,T11-T20
1,buy,300.0,2500,16.0,300.0,2,7.068493150684931,12,3,8.931506849315069,300.0,9,CDA,T11-T20
2,buy,392.0,2810,15.0,400.0,2,5.975609756097561,12,3,9.024390243902438,400.0,9,CDA,T11-T20
3,buy,394.0,506,10.0,400.0,2,9.360655737704919,12,3,0.6393442622950811,400.0,9,CDA,T11-T20
4,buy,399.0,1969,14.0,400.0,2,9.75,12,3,4.25,400.0,9,CDA,T11-T20
5,sell,398.0,1721,3.0,400.0,2,9.27450980392157,12,3,6.274509803921569,400.0,9,CDA,T11-T20
6,sell,391.0,1393,5.0,400.0,2,9.895833333333334,12,3,4.895833333333334,400.0,9,CDA,T11-T20
7,sell,396.0,1799,4.0,400.0,2,6.981132075471698,12,3,2.981132075471698,400.0,9,CDA,T11-T20
8,sell,300.0,375,8.0,300.0,2,9.863636363636363,12,3,1.8636363636363633,300.0,9,CDA,T11-T20
1,buy,400.0,3844,17.0,400.0,2,6.576271186440678,13,4,10.423728813559322,400.0,6,CDA,T11-T20
2,buy,400.0,3118,15.0,400.0,2,7.045454545454546,13,4,7.954545454545454,400.0,6,CDA,T11-T20
3,buy,133.0,222,8.0,400.0,2,6.657407407407407,13,4,1.3425925925925926,400.0,6,CDA,T11-T20
4,buy,0.0,0,6.0,400.0,2,4.746478873239437,13,4,1.253521126760563,0.0,6,CDA,T11-T20
5,sell,124.0,248,6.0,400.0,2,8.091954022988507,13,4,2.0919540229885065,200.0,6,CDA,T11-T20
6,sell,200.0,800,3.0,300.0,2,8.1125,13,4,5.112500000000001,300.0,6,CDA,T11-T20
7,sell,309.0,642,5.0,400.0,2,6.25,13,4,1.25,400.0,6,CDA,T11-T20
8,sell,300.0,901,4.0,300.0,2,6.794871794871795,13,4,2.7948717948717947,300.0,6,CDA,T11-T20
1,buy,400.0,4000,17.0,400.0,2,5.326530612244898,14,4,11.673469387755102,400.0,6,CDA,T11-T20
2,buy,236.0,2088,15.0,400.0,2,4.913978494623656,14,4,10.086021505376344,400.0,6,CDA,T11-T20
3,buy,394.0,394,8.0,400.0,2,8.127272727272727,14,4,-0.12727272727272698,400.0,6,CDA,T11-T20
4,buy,119.0,-176,6.0,400.0,2,6.174757281553398,14,4,-0.17475728155339798,0.0,6,CDA,T11-T20
5,sell,293.0,381,6.0,400.0,2,7.593023255813954,14,4,1.5930232558139537,200.0,6,CDA,T11-T20
6,sell,200.0,800,3.0,300.0,2,8.475,14,4,5.475,300.0,6,CDA,T11-T20
7,sell,356.0,681,5.0,400.0,2,6.160714285714286,14,4,1.1607142857142856,400.0,6,CDA,T11-T20
8,sell,300.0,700,4.0,300.0,2,3.0,14,4,-1.0,300.0,6,CDA,T11-T20
1,buy,400.0,4364,17.0,400.0,2,6.0,15,4,11.0,400.0,6,CDA,T11-T20
2,buy,340.0,2918,15.0,400.0,2,5.84375,15,4,9.15625,400.0,6,CDA,T11-T20
3,buy,399.0,400,8.0,400.0,2,7.634146341463414,15,4,0.3658536585365857,400.0,6,CDA,T11-T20
4,buy,40.0,0,6.0,400.0,2,4.5,15,4,1.5,0.0,6,CDA,T11-T20
5,sell,184.0,184,6.0,400.0,2,7.5125,15,4,1.5125000000000002,200.0,6,CDA,T11-T20
6,sell,300.0,1100,3.0,300.0,2,7.594202898550725,15,4,4.594202898550725,300.0,6,CDA,T11-T20
7,sell,395.0,587,5.0,400.0,2,8.773809523809524,15,4,3.7738095238095237,400.0,6,CDA,T11-T20
8,sell,300.0,600,4.0,300.0,2,6.333333333333333,15,4,2.333333333333333,300.0,6,CDA,T11-T20
1,buy,369.0,3859,17.0,400.0,2,5.265625,16,4,11.734375,400.0,6,CDA,T11-T20
2,buy,366.0,2964,15.0,400.0,2,5.444444444444445,16,4,9.555555555555555,400.0,6,CDA,T11-T20
3,buy,399.0,552,8.0,400.0,2,8.407766990291263,16,4,-0.40776699029126284,400.0,6,CDA,T11-T20
4,buy,0.0,0,6.0,400.0,2,5.216216216216216,16,4,0.7837837837837842,0.0,6,CDA,T11-T20
5,sell,134.0,134,6.0,400.0,2,7.65,16,4,1.6500000000000004,200.0,6,CDA,T11-T20
6,sell,300.0,1100,3.0,300.0,2,6.912280701754386,16,4,3.912280701754386,300.0,6,CDA,T11-T20
7,sell,400.0,641,5.0,400.0,2,4.04,16,4,-0.96,400.0,6,CDA,T11-T20
8,sell,300.0,801,4.0,300.0,2,7.555555555555555,16,4,3.5555555555555554,300.0,6,CDA,T11-T20
1,buy,196.0,1530,14.0,400.0,2,7.719101123595506,17,5,6.280898876404494,200.0,14,CDA,T11-T20
2,buy,295.0,2750,16.0,300.0,2,5.373333333333333,17,5,10.626666666666667,300.0,14,CDA,T11-T20
3,buy,296.0,1269,17.0,300.0,2,15.659090909090908,17,5,1.3409090909090917,300.0,14,CDA,T11-T20
4,buy,300.0,1681,17.0,300.0,2,11.866666666666667,17,5,5.133333333333333,300.0,14,CDA,T11-T20
5,sell,92.0,151,14.0,400.0,2,15.43956043956044,17,5,1.4395604395604398,0.0,14,CDA,T11-T20
6,sell,200.0,200,11.0,300.0,2,14.897435897435898,17,5,3.897435897435898,300.0,14,CDA,T11-T20
7,sell,395.0,2126,4.0,400.0,2,10.507042253521126,17,5,6.507042253521126,400.0,14,CDA,T11-T20
8,sell,400.0,1621,3.0,400.0,2,10.1,17,5,7.1,400.0,14,CDA,T11-T20
1,buy,400.0,2211,14.0,400.0,2,7.794117647058823,18,5,6.205882352941177,200.0,14,CDA,T11-T20
2,buy,48.0,384,16.0,300.0,2,8.046728971962617,18,5,7.953271028037383,300.0,14,CDA,T11-T20
3,buy,300.0,1578,17.0,300.0,2,18.0,18,5,-1.0,300.0,14,CDA,T11-T20
4,buy,300.0,2460,17.0,300.0,2,8.8,18,5,8.2,300.0,14,CDA,T11-T20
5,sell,5.0,10,14.0,400.0,2,15.757575757575758,18,5,1.7575757575757578,0.0,14,CDA,T11-T20
6,sell,244.0,576,11.0,300.0,2,14.470588235294118,18,5,3.4705882352941178,300.0,14,CDA,T11-T20
7,sell,399.0,1599,4.0,400.0,2,10.418604651162791,18,5,6.418604651162791,400.0,14,CDA,T11-T20
8,sell,400.0,2200,3.0,400.0,2,8.84375,18,5,5.84375,400.0,14,CDA,T11-T20
1,buy,151.0,755,14.0,400.0,2,9.396039603960396,19,5,4.603960396039604,200.0,14,CDA,T11-T20
2,buy,299.0,1415,16.0,300.0,2,10.838235294117647,19,5,5.161764705882353,300.0,14,CDA,T11-T20
3,buy,300.0,1411,17.0,300.0,2,14.985074626865671,19,5,2.0149253731343286,300.0,14,CDA,T11-T20
4,buy,300.0,2062,17.0,300.0,2,13.0,19,5,4.0,300.0,14,CDA,T11-T20
5,sell,61.0,69,14.0,400.0,2,15.0,19,5,1.0,0.0,14,CDA,T11-T20
6,sell,190.0,488,11.0,300.0,2,13.877777777777778,19,5,2.877777777777778,300.0,14,CDA,T11-T20
7,sell,399.0,2131,4.0,400.0,2,9.344370860927153,19,5,5.344370860927153,400.0,14,CDA,T11-T20
8,sell,400.0,3027,3.0,400.0,2,11.6875,19,5,8.6875,400.0,14,CDA,T11-T20
1,buy,203.0,321,14.0,400.0,2,10.989473684210527,20,5,3.0105263157894733,200.0,14,CDA,T11-T20
2,buy,297.0,1273,16.0,300.0,2,11.40677966101695,20,5,4.59322033898305,300.0,14,CDA,T11-T20
3,buy,300.0,1159,17.0,300.0,2,17.719298245614034,20,5,-0.7192982456140342,300.0,14,CDA,T11-T20
4,buy,300.0,1918,17.0,300.0,2,10.606666666666666,20,5,6.393333333333334,300.0,14,CDA,T11-T20
5,sell,0.0,0,14.0,400.0,2,15.0,20,5,1.0,0.0,14,CDA,T11-T20
6,sell,300.0,760,11.0,300.0,2,13.608695652173912,20,5,2.608695652173912,300.0,14,CDA,T11-T20
7,sell,400.0,2591,4.0,400.0,2,8.838235294117647,20,5,4.838235294117647,400.0,14,CDA,T11-T20
8,sell,400.0,3672,3.0,400.0,2,12.8125,20,5,9.8125,400.0,14,CDA,T11-T20
1,buy,300.0,1415,17.0,300.0,3,11.055555555555555,1,1,5.944444444444445,300.0,14,CDA,T1-T10
2,buy,186.0,186,14.0,400.0,3,9.755555555555556,1,1,4.244444444444444,200.0,14,CDA,T1-T10
3,buy,300.0,1900,17.0,300.0,3,10.0,1,1,7.0,300.0,14,CDA,T1-T10
4,buy,190.0,1240,16.0,300.0,3,9.142857142857142,1,1,6.857142857142858,300.0,14,CDA,T1-T10
5,sell,399.0,2384,3.0,400.0,3,4.788461538461538,1,1,1.7884615384615383,400.0,14,CDA,T1-T10
6,sell,400.0,3400,4.0,400.0,3,15.92,1,1,11.92,400.0,14,CDA,T1-T10
7,sell,0.0,60,14.0,400.0,3,15.453488372093023,1,1,1.4534883720930232,0.0,14,CDA,T1-T10
8,sell,177.0,515,11.0,300.0,3,8.989583333333334,1,1,-2.010416666666666,300.0,14,CDA,T1-T10
1,buy,300.0,1397,17.0,300.0,3,11.6875,2,1,5.3125,300.0,14,CDA,T1-T10
2,buy,341.0,1535,14.0,400.0,3,7.25,2,1,6.75,200.0,14,CDA,T1-T10
3,buy,300.0,1703,17.0,300.0,3,8.666666666666666,2,1,8.333333333333334,300.0,14,CDA,T1-T10
4,buy,299.0,1892,16.0,300.0,3,7.5476190476190474,2,1,8.452380952380953,300.0,14,CDA,T1-T10
5,sell,301.0,2307,3.0,400.0,3,8.555555555555555,2,1,5.555555555555555,400.0,14,CDA,T1-T10
6,sell,400.0,2800,4.0,400.0,3,7.7560975609756095,2,1,3.7560975609756095,400.0,14,CDA,T1-T10
7,sell,388.0,-1775,14.0,400.0,3,12.466666666666667,2,1,-1.5333333333333332,0.0,14,CDA,T1-T10
8,sell,151.0,303,11.0,300.0,3,11.706666666666667,2,1,0.706666666666667,300.0,14,CDA,T1-T10
1,buy,300.0,1772,17.0,300.0,3,10.0,3,1,7.0,300.0,14,CDA,T1-T10
2,buy,99.0,396,14.0,400.0,3,9.104166666666666,3,1,4.895833333333334,200.0,14,CDA,T1-T10
3,buy,300.0,1972,17.0,300.0,3,10.31578947368421,3,1,6.684210526315789,300.0,14,CDA,T1-T10
4,buy,267.0,1368,16.0,300.0,3,9.870967741935484,3,1,6.129032258064516,300.0,14,CDA,T1-T10
5,sell,400.0,2998,3.0,400.0,3,6.947368421052632,3,1,3.947368421052632,400.0,14,CDA,T1-T10
6,sell,168.0,1176,4.0,400.0,3,15.210526315789474,3,1,11.210526315789474,400.0,14,CDA,T1-T10
7,sell,385.0,-1255,14.0,400.0,3,12.076923076923077,3,1,-1.9230769230769234,0.0,14,CDA,T1-T10
8,sell,13.0,26,11.0,300.0,3,12.839080459770114,3,1,1.8390804597701145,300.0,14,CDA,T1-T10
1,buy,300.0,1739,17.0,300.0,3,9.689655172413794,4,1,7.310344827586206,300.0,14,CDA,T1-T10
2,buy,170.0,850,14.0,400.0,3,8.851485148514852,4,1,5.148514851485148,200.0,14,CDA,T1-T10
3,buy,267.0,1602,17.0,300.0,3,10.114754098360656,4,1,6.885245901639344,300.0,14,CDA,T1-T10
4,buy,219.0,1095,16.0,300.0,3,10.255813953488373,4,1,5.7441860465116275,300.0,14,CDA,T1-T10
5,sell,398.0,3362,3.0,400.0,3,9.614814814814816,4,1,6.614814814814816,400.0,14,CDA,T1-T10
6,sell,400.0,2341,4.0,400.0,3,9.8525,4,1,5.852499999999999,400.0,14,CDA,T1-T10
7,sell,110.0,-330,14.0,400.0,3,14.615384615384615,4,1,0.615384615384615,0.0,14,CDA,T1-T10
8,sell,48.0,2,11.0,300.0,3,11.68421052631579,4,1,0.6842105263157894,300.0,14,CDA,T1-T10
1,buy,173.0,346,6.0,400.0,3,3.1265822784810124,5,2,2.8734177215189876,0.0,6,CDA,T1-T10
2,buy,296.0,496,8.0,400.0,3,5.826530612244898,5,2,2.1734693877551017,400.0,6,CDA,T1-T10
3,buy,400.0,3692,17.0,400.0,3,7.809523809523809,5,2,9.19047619047619,400.0,6,CDA,T1-T10
4,buy,400.0,2700,15.0,400.0,3,6.071428571428571,5,2,8.928571428571429,400.0,6,CDA,T1-T10
5,sell,316.0,508,5.0,400.0,3,8.306451612903226,5,2,3.306451612903226,400.0,6,CDA,T1-T10
6,sell,368.0,400,6.0,400.0,3,7.532258064516129,5,2,1.532258064516129,200.0,6,CDA,T1-T10
7,sell,289.0,776,4.0,300.0,3,4.729166666666667,5,2,0.729166666666667,300.0,6,CDA,T1-T10
8,sell,296.0,1456,3.0,300.0,3,4.92,5,2,1.92,300.0,6,CDA,T1-T10
1,buy,112.0,112,6.0,400.0,3,5.0,6,2,1.0,0.0,6,CDA,T1-T10
2,buy,346.0,538,8.0,400.0,3,6.076923076923077,6,2,1.9230769230769234,400.0,6,CDA,T1-T10
3,buy,400.0,3757,17.0,400.0,3,7.0,6,2,10.0,400.0,6,CDA,T1-T10
4,buy,364.0,2790,15.0,400.0,3,5.903846153846154,6,2,9.096153846153847,400.0,6,CDA,T1-T10
5,sell,253.0,559,5.0,400.0,3,7.191011235955056,6,2,2.191011235955056,400.0,6,CDA,T1-T10
6,sell,400.0,600,6.0,400.0,3,8.0,6,2,2.0,200.0,6,CDA,T1-T10
7,sell,299.0,819,4.0,300.0,3,7.678571428571429,6,2,3.678571428571429,300.0,6,CDA,T1-T10
8,sell,270.0,854,3.0,300.0,3,5.551181102362205,6,2,2.5511811023622046,300.0,6,CDA,T1-T10
1,buy,0.0,0,6.0,400.0,3,4.916666666666667,7,2,1.083333333333333,0.0,6,CDA,T1-T10
2,buy,343.0,699,8.0,400.0,3,4.136363636363637,7,2,3.8636363636363633,400.0,6,CDA,T1-T10
3,buy,400.0,4200,17.0,400.0,3,4.055555555555555,7,2,12.944444444444445,400.0,6,CDA,T1-T10
4,buy,400.0,3453,15.0,400.0,3,7.0,7,2,8.0,400.0,6,CDA,T1-T10
5,sell,369.0,559,5.0,400.0,3,6.0,7,2,1.0,400.0,6,CDA,T1-T10
6,sell,181.0,0,6.0,400.0,3,6.681159420289855,7,2,0.6811594202898554,200.0,6,CDA,T1-T10
7,sell,300.0,744,4.0,300.0,3,4.142857142857143,7,2,0.14285714285714324,300.0,6,CDA,T1-T10
8,sell,293.0,879,3.0,300.0,3,5.914634146341464,7,2,2.914634146341464,300.0,6,CDA,T1-T10
1,buy,76.0,0,6.0,400.0,3,5.651685393258427,8,2,0.3483146067415728,0.0,6,CDA,T1-T10
2,buy,253.0,253,8.0,400.0,3,5.419354838709677,8,2,2.580645161290323,400.0,6,CDA,T1-T10
3,buy,400.0,4288,17.0,400.0,3,6.409090909090909,8,2,10.59090909090909,400.0,6,CDA,T1-T10
4,buy,314.0,2402,15.0,400.0,3,7.233333333333333,8,2,7.766666666666667,400.0,6,CDA,T1-T10
5,sell,400.0,800,5.0,400.0,3,7.137254901960785,8,2,2.1372549019607847,400.0,6,CDA,T1-T10
6,sell,75.0,150,6.0,400.0,3,7.954545454545454,8,2,1.9545454545454541,200.0,6,CDA,T1-T10
7,sell,300.0,601,4.0,300.0,3,3.272727272727273,8,2,-0.7272727272727271,300.0,6,CDA,T1-T10
8,sell,268.0,1042,3.0,300.0,3,6.118881118881119,8,2,3.118881118881119,300.0,6,CDA,T1-T10
1,buy,300.0,2252,16.0,300.0,3,6.9,9,3,9.1,300.0,9,CDA,T1-T10
2,buy,400.0,2498,15.0,400.0,3,8.652173913043478,9,3,6.3478260869565215,400.0,9,CDA,T1-T10
3,buy,323.0,872,10.0,400.0,3,7.16,9,3,2.84,400.0,9,CDA,T1-T10
4,buy,370.0,2151,14.0,400.0,3,8.025,9,3,5.975,400.0,9,CDA,T1-T10
5,sell,316.0,1622,3.0,400.0,3,6.643564356435643,9,3,3.6435643564356432,400.0,9,CDA,T1-T10
6,sell,400.0,1388,5.0,400.0,3,8.916666666666666,9,3,3.916666666666666,400.0,9,CDA,T1-T10
7,sell,400.0,1335,4.0,400.0,3,8.928571428571429,9,3,4.928571428571429,400.0,9,CDA,T1-T10
8,sell,277.0,328,8.0,300.0,3,8.5,9,3,0.5,300.0,9,CDA,T1-T10
1,buy,299.0,2224,16.0,300.0,3,7.642857142857143,10,3,8.357142857142858,300.0,9,CDA,T1-T10
2,buy,400.0,2800,15.0,400.0,3,10.296296296296296,10,3,4.703703703703704,400.0,9,CDA,T1-T10
3,buy,353.0,753,10.0,400.0,3,7.739130434782608,10,3,2.2608695652173916,400.0,9,CDA,T1-T10
4,buy,250.0,1410,14.0,400.0,3,8.1875,10,3,5.8125,400.0,9,CDA,T1-T10
5,sell,400.0,1900,3.0,400.0,3,4.163265306122449,10,3,1.1632653061224492,400.0,9,CDA,T1-T10
6,sell,400.0,1003,5.0,400.0,3,9.689655172413794,10,3,4.689655172413794,400.0,9,CDA,T1-T10
7,sell,367.0,1647,4.0,400.0,3,10.041666666666666,10,3,6.041666666666666,400.0,9,CDA,T1-T10
8,sell,135.0,329,8.0,300.0,3,10.561224489795919,10,3,2.5612244897959187,300.0,9,CDA,T1-T10
1,buy,300.0,2311,16.0,300.0,3,7.333333333333333,11,3,8.666666666666668,300.0,9,CDA,T11-T20
2,buy,399.0,2624,15.0,400.0,3,9.604651162790697,11,3,5.395348837209303,400.0,9,CDA,T11-T20
3,buy,397.0,705,10.0,400.0,3,7.5,11,3,2.5,400.0,9,CDA,T11-T20
4,buy,318.0,1779,14.0,400.0,3,8.151515151515152,11,3,5.848484848484848,400.0,9,CDA,T11-T20
5,sell,386.0,2024,3.0,400.0,3,8.150943396226415,11,3,5.150943396226415,400.0,9,CDA,T11-T20
6,sell,399.0,1396,5.0,400.0,3,9.0,11,3,4.0,400.0,9,CDA,T11-T20
7,sell,330.0,1424,4.0,400.0,3,9.205882352941176,11,3,5.205882352941176,400.0,9,CDA,T11-T20
8,sell,299.0,79,8.0,300.0,3,5.564705882352941,11,3,-2.435294117647059,300.0,9,CDA,T11-T20
1,buy,300.0,2147,16.0,300.0,3,7.433962264150943,12,3,8.566037735849058,300.0,9,CDA,T11-T20
2,buy,400.0,2564,15.0,400.0,3,8.333333333333334,12,3,6.666666666666666,400.0,9,CDA,T11-T20
3,buy,400.0,800,10.0,400.0,3,9.869565217391305,12,3,0.13043478260869534,400.0,9,CDA,T11-T20
4,buy,356.0,1984,14.0,400.0,3,7.243243243243243,12,3,6.756756756756757,400.0,9,CDA,T11-T20
5,sell,400.0,2000,3.0,400.0,3,9.761904761904763,12,3,6.761904761904763,400.0,9,CDA,T11-T20
6,sell,400.0,1420,5.0,400.0,3,9.0,12,3,4.0,400.0,9,CDA,T11-T20
7,sell,383.0,1532,4.0,400.0,3,8.833333333333334,12,3,4.833333333333334,400.0,9,CDA,T11-T20
8,sell,273.0,421,8.0,300.0,3,9.125,12,3,1.125,300.0,9,CDA,T11-T20
1,buy,300.0,3114,17.0,400.0,3,6.578947368421052,13,4,10.421052631578949,400.0,6,CDA,T11-T20
2,buy,390.0,3379,15.0,400.0,3,6.12,13,4,8.879999999999999,400.0,6,CDA,T11-T20
3,buy,400.0,600,8.0,400.0,3,5.826923076923077,13,4,2.1730769230769234,400.0,6,CDA,T11-T20
4,buy,120.0,0,6.0,400.0,3,4.875,13,4,1.125,0.0,6,CDA,T11-T20
5,sell,301.0,0,6.0,400.0,3,8.346666666666666,13,4,2.346666666666666,200.0,6,CDA,T11-T20
6,sell,299.0,1097,3.0,300.0,3,12.8,13,4,9.8,300.0,6,CDA,T11-T20
7,sell,314.0,515,5.0,400.0,3,7.481481481481482,13,4,2.481481481481482,400.0,6,CDA,T11-T20
8,sell,296.0,708,4.0,300.0,3,4.980769230769231,13,4,0.9807692307692308,300.0,6,CDA,T11-T20
1,buy,400.0,3937,17.0,400.0,3,7.076923076923077,14,4,9.923076923076923,400.0,6,CDA,T11-T20
2,buy,400.0,2885,15.0,400.0,3,4.625,14,4,10.375,400.0,6,CDA,T11-T20
3,buy,400.0,800,8.0,400.0,3,6.0,14,4,2.0,400.0,6,CDA,T11-T20
4,buy,0.0,0,6.0,400.0,3,5.0,14,4,1.0,0.0,6,CDA,T11-T20
5,sell,308.0,482,6.0,400.0,3,7.84,14,4,1.8399999999999999,200.0,6,CDA,T11-T20
6,sell,279.0,837,3.0,300.0,3,11.473684210526315,14,4,8.473684210526315,300.0,6,CDA,T11-T20
7,sell,313.0,632,5.0,400.0,3,6.804878048780488,14,4,1.8048780487804876,400.0,6,CDA,T11-T20
8,sell,300.0,977,4.0,300.0,3,5.553191489361702,14,4,1.5531914893617023,300.0,6,CDA,T11-T20
1,buy,400.0,4092,17.0,400.0,3,6.0,15,4,11.0,400.0,6,CDA,T11-T20
2,buy,399.0,3328,15.0,400.0,3,6.833333333333333,15,4,8.166666666666668,400.0,6,CDA,T11-T20
3,buy,400.0,800,8.0,400.0,3,5.682926829268292,15,4,2.3170731707317076,400.0,6,CDA,T11-T20
4,buy,0.0,0,6.0,400.0,3,5.0,15,4,1.0,0.0,6,CDA,T11-T20
5,sell,249.0,49,6.0,400.0,3,7.322916666666667,15,4,1.322916666666667,200.0,6,CDA,T11-T20
6,sell,300.0,1049,3.0,300.0,3,7.0,15,4,4.0,300.0,6,CDA,T11-T20
7,sell,380.0,516,5.0,400.0,3,7.162790697674419,15,4,2.162790697674419,400.0,6,CDA,T11-T20
8,sell,270.0,777,4.0,300.0,3,6.01980198019802,15,4,2.01980198019802,300.0,6,CDA,T11-T20
1,buy,382.0,4037,17.0,400.0,3,5.530612244897959,16,4,11.46938775510204,400.0,6,CDA,T11-T20
2,buy,400.0,3490,15.0,400.0,3,5.416666666666667,16,4,9.583333333333332,400.0,6,CDA,T11-T20
3,buy,400.0,800,8.0,400.0,3,8.228571428571428,16,4,-0.22857142857142776,400.0,6,CDA,T11-T20
4,buy,0.0,0,6.0,400.0,3,5.0,16,4,1.0,0.0,6,CDA,T11-T20
5,sell,244.0,161,6.0,400.0,3,6.747368421052632,16,4,0.7473684210526317,200.0,6,CDA,T11-T20
6,sell,298.0,894,3.0,300.0,3,10.5,16,4,7.5,300.0,6,CDA,T11-T20
7,sell,371.0,485,5.0,400.0,3,5.964705882352941,16,4,0.9647058823529413,400.0,6,CDA,T11-T20
8,sell,269.0,538,4.0,300.0,3,5.802816901408451,16,4,1.802816901408451,300.0,6,CDA,T11-T20
1,buy,267.0,820,14.0,400.0,3,8.866666666666667,17,5,5.133333333333333,200.0,14,CDA,T11-T20
2,buy,215.0,1814,16.0,300.0,3,9.142857142857142,17,5,6.857142857142858,300.0,14,CDA,T11-T20
3,buy,300.0,2942,17.0,300.0,3,8.82857142857143,17,5,8.17142857142857,300.0,14,CDA,T11-T20
4,buy,251.0,1863,17.0,300.0,3,8.627906976744185,17,5,8.372093023255815,300.0,14,CDA,T11-T20
5,sell,111.0,-600,14.0,400.0,3,13.466666666666667,17,5,-0.5333333333333332,0.0,14,CDA,T11-T20
6,sell,200.0,200,11.0,300.0,3,15.033333333333333,17,5,4.033333333333333,300.0,14,CDA,T11-T20
7,sell,400.0,2157,4.0,400.0,3,5.7,17,5,1.7000000000000002,400.0,14,CDA,T11-T20
8,sell,322.0,1029,3.0,400.0,3,1.0,17,5,-2.0,400.0,14,CDA,T11-T20
1,buy,356.0,1312,14.0,400.0,3,11.043478260869565,18,5,2.9565217391304355,200.0,14,CDA,T11-T20
2,buy,297.0,1452,16.0,300.0,3,10.8,18,5,5.199999999999999,300.0,14,CDA,T11-T20
3,buy,238.0,1018,17.0,300.0,3,9.764705882352942,18,5,7.235294117647058,300.0,14,CDA,T11-T20
4,buy,216.0,1080,17.0,300.0,3,11.339622641509434,18,5,5.660377358490566,300.0,14,CDA,T11-T20
5,sell,108.0,0,14.0,400.0,3,14.0,18,5,0.0,0.0,14,CDA,T11-T20
6,sell,299.0,398,11.0,300.0,3,12.704545454545455,18,5,1.704545454545455,300.0,14,CDA,T11-T20
7,sell,400.0,2787,4.0,400.0,3,11.636363636363637,18,5,7.636363636363637,400.0,14,CDA,T11-T20
8,sell,300.0,2106,3.0,400.0,3,19.0,18,5,16.0,400.0,14,CDA,T11-T20
1,buy,301.0,847,14.0,400.0,3,11.35593220338983,19,5,2.6440677966101696,200.0,14,CDA,T11-T20
2,buy,235.0,754,16.0,300.0,3,12.833333333333334,19,5,3.166666666666666,300.0,14,CDA,T11-T20
3,buy,300.0,1515,17.0,300.0,3,10.9,19,5,6.1,300.0,14,CDA,T11-T20
4,buy,264.0,1112,17.0,300.0,3,11.725,19,5,5.275,300.0,14,CDA,T11-T20
5,sell,129.0,0,14.0,400.0,3,14.324074074074074,19,5,0.3240740740740744,0.0,14,CDA,T11-T20
6,sell,299.0,598,11.0,300.0,3,13.5625,19,5,2.5625,300.0,14,CDA,T11-T20
7,sell,372.0,3047,4.0,400.0,3,13.657894736842104,19,5,9.657894736842104,400.0,14,CDA,T11-T20
8,sell,300.0,2206,3.0,400.0,3,19.0,19,5,16.0,400.0,14,CDA,T11-T20
1,buy,178.0,423,14.0,400.0,3,12.108108108108109,20,5,1.8918918918918912,200.0,14,CDA,T11-T20
2,buy,299.0,499,16.0,300.0,3,10.571428571428571,20,5,5.428571428571429,300.0,14,CDA,T11-T20
3,buy,230.0,1090,17.0,300.0,3,12.56060606060606,20,5,4.4393939393939394,300.0,14,CDA,T11-T20
4,buy,286.0,1206,17.0,300.0,3,11.796296296296296,20,5,5.203703703703704,300.0,14,CDA,T11-T20
5,sell,99.0,99,14.0,400.0,3,15.0,20,5,1.0,0.0,14,CDA,T11-T20
6,sell,299.0,798,11.0,300.0,3,14.84375,20,5,3.84375,300.0,14,CDA,T11-T20
7,sell,295.0,2658,4.0,400.0,3,13.92156862745098,20,5,9.92156862745098,400.0,14,CDA,T11-T20
8,sell,300.0,2520,3.0,400.0,3,11.0,20,5,8.0,400.0,14,CDA,T11-T20
1,buy,300.0,1284,17.0,300.0,4,7.5,1,1,9.5,300.0,14,CDA,T1-T10
2,buy,286.0,1099,14.0,400.0,4,9.506024096385541,1,1,4.493975903614459,200.0,14,CDA,T1-T10
3,buy,235.0,1546,17.0,300.0,4,9.11111111111111,1,1,7.888888888888889,300.0,14,CDA,T1-T10
4,buy,15.0,-181,16.0,300.0,4,8.505494505494505,1,1,7.4945054945054945,300.0,14,CDA,T1-T10
5,sell,400.0,2766,3.0,400.0,4,6.554216867469879,1,1,3.5542168674698793,400.0,14,CDA,T1-T10
6,sell,195.0,1456,4.0,400.0,4,13.036697247706423,1,1,9.036697247706423,400.0,14,CDA,T1-T10
7,sell,101.0,95,14.0,400.0,4,13.136363636363637,1,1,-0.8636363636363633,0.0,14,CDA,T1-T10
8,sell,140.0,340,11.0,300.0,4,12.394736842105264,1,1,1.3947368421052637,300.0,14,CDA,T1-T10
1,buy,291.0,1502,17.0,300.0,4,12.7,2,1,4.300000000000001,300.0,14,CDA,T1-T10
2,buy,96.0,384,14.0,400.0,4,9.951807228915662,2,1,4.048192771084338,200.0,14,CDA,T1-T10
3,buy,218.0,1422,17.0,300.0,4,10.186046511627907,2,1,6.813953488372093,300.0,14,CDA,T1-T10
4,buy,194.0,776,16.0,300.0,4,16.746835443037973,2,1,-0.7468354430379733,300.0,14,CDA,T1-T10
5,sell,381.0,3667,3.0,400.0,4,12.814814814814815,2,1,9.814814814814815,400.0,14,CDA,T1-T10
6,sell,121.0,522,4.0,400.0,4,13.066666666666666,2,1,9.066666666666666,400.0,14,CDA,T1-T10
7,sell,97.0,-677,14.0,400.0,4,12.142857142857142,2,1,-1.8571428571428577,0.0,14,CDA,T1-T10
8,sell,200.0,320,11.0,300.0,4,13.727272727272727,2,1,2.7272727272727266,300.0,14,CDA,T1-T10
1,buy,300.0,1783,17.0,300.0,4,19.0,3,1,-2.0,300.0,14,CDA,T1-T10
2,buy,107.0,398,14.0,400.0,4,10.11320754716981,3,1,3.886792452830189,200.0,14,CDA,T1-T10
3,buy,265.0,1192,17.0,300.0,4,10.8,3,1,6.199999999999999,300.0,14,CDA,T1-T10
4,buy,174.0,762,16.0,300.0,4,16.819277108433734,3,1,-0.8192771084337345,300.0,14,CDA,T1-T10
5,sell,254.0,2394,3.0,400.0,4,7.691358024691358,3,1,4.691358024691358,400.0,14,CDA,T1-T10
6,sell,392.0,2492,4.0,400.0,4,6.163934426229508,3,1,2.163934426229508,400.0,14,CDA,T1-T10
7,sell,0.0,0,14.0,400.0,4,14.0,3,1,0.0,0.0,14,CDA,T1-T10
8,sell,200.0,336,11.0,300.0,4,12.454545454545455,3,1,1.454545454545455,300.0,14,CDA,T1-T10
1,buy,300.0,1100,17.0,300.0,4,14.0,4,1,3.0,300.0,14,CDA,T1-T10
2,buy,99.0,99,14.0,400.0,4,10.26595744680851,4,1,3.7340425531914896,200.0,14,CDA,T1-T10
3,buy,269.0,1118,17.0,300.0,4,12.348837209302326,4,1,4.651162790697674,300.0,14,CDA,T1-T10
4,buy,122.0,732,16.0,300.0,4,12.431372549019608,4,1,3.568627450980392,300.0,14,CDA,T1-T10
5,sell,180.0,1758,3.0,400.0,4,14.294736842105262,4,1,11.294736842105262,400.0,14,CDA,T1-T10
6,sell,310.0,2424,4.0,400.0,4,7.925925925925926,4,1,3.9259259259259256,400.0,14,CDA,T1-T10
7,sell,0.0,0,14.0,400.0,4,15.0,4,1,1.0,0.0,14,CDA,T1-T10
8,sell,300.0,700,11.0,300.0,4,13.941176470588236,4,1,2.9411764705882355,300.0,14,CDA,T1-T10
1,buy,106.0,0,6.0,400.0,4,2.289473684210526,5,2,3.710526315789474,0.0,6,CDA,T1-T10
2,buy,49.0,147,8.0,400.0,4,7.425,5,2,0.5750000000000002,400.0,6,CDA,T1-T10
3,buy,399.0,3623,17.0,400.0,4,6.909090909090909,5,2,10.09090909090909,400.0,6,CDA,T1-T10
4,buy,278.0,1646,15.0,400.0,4,13.1875,5,2,1.8125,400.0,6,CDA,T1-T10
5,sell,369.0,1673,5.0,400.0,4,10.428571428571429,5,2,5.428571428571429,400.0,6,CDA,T1-T10
6,sell,99.0,297,6.0,400.0,4,6.9375,5,2,0.9375,200.0,6,CDA,T1-T10
7,sell,152.0,152,4.0,300.0,4,5.0,5,2,1.0,300.0,6,CDA,T1-T10
8,sell,212.0,760,3.0,300.0,4,10.041666666666666,5,2,7.041666666666666,300.0,6,CDA,T1-T10
1,buy,0.0,0,6.0,400.0,4,4.0886075949367084,6,2,1.9113924050632916,0.0,6,CDA,T1-T10
2,buy,340.0,820,8.0,400.0,4,5.094117647058823,6,2,2.905882352941177,400.0,6,CDA,T1-T10
3,buy,400.0,3112,17.0,400.0,4,12.043478260869565,6,2,4.9565217391304355,400.0,6,CDA,T1-T10
4,buy,154.0,974,15.0,400.0,4,15.973684210526315,6,2,-0.973684210526315,400.0,6,CDA,T1-T10
5,sell,280.0,1480,5.0,400.0,4,7.769736842105263,6,2,2.769736842105263,400.0,6,CDA,T1-T10
6,sell,101.0,0,6.0,400.0,4,7.706666666666667,6,2,1.706666666666667,200.0,6,CDA,T1-T10
7,sell,213.0,426,4.0,300.0,4,4.735632183908046,6,2,0.735632183908046,300.0,6,CDA,T1-T10
8,sell,300.0,1260,3.0,300.0,4,8.0,6,2,5.0,300.0,6,CDA,T1-T10
1,buy,100.0,100,6.0,400.0,4,2.4655172413793105,7,2,3.5344827586206895,0.0,6,CDA,T1-T10
2,buy,151.0,453,8.0,400.0,4,3.9473684210526314,7,2,4.052631578947368,400.0,6,CDA,T1-T10
3,buy,400.0,3925,17.0,400.0,4,3.9166666666666665,7,2,13.083333333333334,400.0,6,CDA,T1-T10
4,buy,194.0,900,15.0,400.0,4,17.627659574468087,7,2,-2.627659574468087,400.0,6,CDA,T1-T10
5,sell,200.0,1000,5.0,400.0,4,10.693181818181818,7,2,5.693181818181818,400.0,6,CDA,T1-T10
6,sell,113.0,0,6.0,400.0,4,6.064220183486238,7,2,0.06422018348623837,200.0,6,CDA,T1-T10
7,sell,234.0,1036,4.0,300.0,4,7.3428571428571425,7,2,3.3428571428571425,300.0,6,CDA,T1-T10
8,sell,298.0,596,3.0,300.0,4,5.6521739130434785,7,2,2.6521739130434785,300.0,6,CDA,T1-T10
1,buy,0.0,0,6.0,400.0,4,2.75,8,2,3.25,0.0,6,CDA,T1-T10
2,buy,200.0,400,8.0,400.0,4,4.333333333333333,8,2,3.666666666666667,400.0,6,CDA,T1-T10
3,buy,387.0,3584,17.0,400.0,4,5.8,8,2,11.2,400.0,6,CDA,T1-T10
4,buy,341.0,2701,15.0,400.0,4,14.35593220338983,8,2,0.6440677966101696,400.0,6,CDA,T1-T10
5,sell,315.0,920,5.0,400.0,4,9.51388888888889,8,2,4.513888888888889,400.0,6,CDA,T1-T10
6,sell,139.0,182,6.0,400.0,4,10.052631578947368,8,2,4.052631578947368,200.0,6,CDA,T1-T10
7,sell,174.0,409,4.0,300.0,4,6.714285714285714,8,2,2.7142857142857144,300.0,6,CDA,T1-T10
8,sell,300.0,1093,3.0,300.0,4,6.318181818181818,8,2,3.3181818181818183,300.0,6,CDA,T1-T10
1,buy,300.0,2602,16.0,300.0,4,8.210526315789474,9,3,7.789473684210526,300.0,9,CDA,T1-T10
2,buy,308.0,2372,15.0,400.0,4,6.181818181818182,9,3,8.818181818181818,400.0,9,CDA,T1-T10
3,buy,133.0,460,10.0,400.0,4,6.7560975609756095,9,3,3.2439024390243905,400.0,9,CDA,T1-T10
4,buy,360.0,920,14.0,400.0,4,13.956043956043956,9,3,0.0439560439560438,400.0,9,CDA,T1-T10
5,sell,344.0,2440,3.0,400.0,4,10.0,9,3,7.0,400.0,9,CDA,T1-T10
6,sell,261.0,652,5.0,400.0,4,14.881188118811881,9,3,9.881188118811881,400.0,9,CDA,T1-T10
7,sell,397.0,1428,4.0,400.0,4,6.888888888888889,9,3,2.8888888888888893,400.0,9,CDA,T1-T10
8,sell,99.0,199,8.0,300.0,4,10.14864864864865,9,3,2.148648648648649,300.0,9,CDA,T1-T10
1,buy,300.0,2121,16.0,300.0,4,12.263157894736842,10,3,3.7368421052631575,300.0,9,CDA,T1-T10
2,buy,323.0,2368,15.0,400.0,4,6.909090909090909,10,3,8.09090909090909,400.0,9,CDA,T1-T10
3,buy,302.0,700,10.0,400.0,4,7.196078431372549,10,3,2.803921568627451,400.0,9,CDA,T1-T10
4,buy,377.0,1335,14.0,400.0,4,12.482456140350877,10,3,1.5175438596491233,400.0,9,CDA,T1-T10
5,sell,386.0,2525,3.0,400.0,4,9.023255813953488,10,3,6.023255813953488,400.0,9,CDA,T1-T10
6,sell,381.0,1274,5.0,400.0,4,6.571428571428571,10,3,1.5714285714285712,400.0,9,CDA,T1-T10
7,sell,386.0,1523,4.0,400.0,4,6.0,10,3,2.0,400.0,9,CDA,T1-T10
8,sell,149.0,298,8.0,300.0,4,9.883720930232558,10,3,1.883720930232558,300.0,9,CDA,T1-T10
1,buy,300.0,2226,16.0,300.0,4,5.875,11,3,10.125,300.0,9,CDA,T11-T20
2,buy,266.0,2194,15.0,400.0,4,6.15,11,3,8.85,400.0,9,CDA,T11-T20
3,buy,288.0,697,10.0,400.0,4,7.327868852459017,11,3,2.6721311475409832,400.0,9,CDA,T11-T20
4,buy,278.0,177,14.0,400.0,4,13.0,11,3,1.0,400.0,9,CDA,T11-T20
5,sell,375.0,2229,3.0,400.0,4,10.90625,11,3,7.90625,400.0,9,CDA,T11-T20
6,sell,57.0,811,5.0,400.0,4,9.644444444444444,11,3,4.644444444444444,400.0,9,CDA,T11-T20
7,sell,400.0,1049,4.0,400.0,4,6.6225000000000005,11,3,2.6225000000000005,400.0,9,CDA,T11-T20
8,sell,300.0,769,8.0,300.0,4,10.026315789473685,11,3,2.026315789473685,300.0,9,CDA,T11-T20
1,buy,299.0,2279,16.0,300.0,4,4.666666666666667,12,3,11.333333333333332,300.0,9,CDA,T11-T20
2,buy,243.0,1999,15.0,400.0,4,7.129032258064516,12,3,7.870967741935484,400.0,9,CDA,T11-T20
3,buy,371.0,754,10.0,400.0,4,7.406779661016949,12,3,2.593220338983051,400.0,9,CDA,T11-T20
4,buy,363.0,2008,14.0,400.0,4,14.043795620437956,12,3,-0.04379562043795637,400.0,9,CDA,T11-T20
5,sell,334.0,1622,3.0,400.0,4,10.0,12,3,7.0,400.0,9,CDA,T11-T20
6,sell,352.0,846,5.0,400.0,4,6.510869565217392,12,3,1.5108695652173916,400.0,9,CDA,T11-T20
7,sell,398.0,1631,4.0,400.0,4,8.333333333333334,12,3,4.333333333333334,400.0,9,CDA,T11-T20
8,sell,192.0,192,8.0,300.0,4,10.363636363636363,12,3,2.3636363636363633,300.0,9,CDA,T11-T20
1,buy,300.0,2700,17.0,400.0,4,8.783783783783784,13,4,8.216216216216216,400.0,6,CDA,T11-T20
2,buy,400.0,3400,15.0,400.0,4,7.701298701298701,13,4,7.298701298701299,400.0,6,CDA,T11-T20
3,buy,217.0,392,8.0,400.0,4,5.781818181818182,13,4,2.218181818181818,400.0,6,CDA,T11-T20
4,buy,0.0,0,6.0,400.0,4,4.0,13,4,2.0,0.0,6,CDA,T11-T20
5,sell,187.0,413,6.0,400.0,4,7.888888888888889,13,4,1.8888888888888893,200.0,6,CDA,T11-T20
6,sell,232.0,896,3.0,300.0,4,6.08,13,4,3.08,300.0,6,CDA,T11-T20
7,sell,294.0,345,5.0,400.0,4,6.428571428571429,13,4,1.4285714285714288,400.0,6,CDA,T11-T20
8,sell,204.0,586,4.0,300.0,4,8.324675324675324,13,4,4.324675324675324,300.0,6,CDA,T11-T20
1,buy,400.0,3953,17.0,400.0,4,7.0,14,4,10.0,400.0,6,CDA,T11-T20
2,buy,400.0,3400,15.0,400.0,4,7.055555555555555,14,4,7.944444444444445,400.0,6,CDA,T11-T20
3,buy,382.0,542,8.0,400.0,4,6.0,14,4,2.0,400.0,6,CDA,T11-T20
4,buy,0.0,0,6.0,400.0,4,4.0,14,4,2.0,0.0,6,CDA,T11-T20
5,sell,203.0,203,6.0,400.0,4,9.03225806451613,14,4,3.03225806451613,200.0,6,CDA,T11-T20
6,sell,300.0,1049,3.0,300.0,4,4.651162790697675,14,4,1.6511627906976747,300.0,6,CDA,T11-T20
7,sell,397.0,576,5.0,400.0,4,6.9375,14,4,1.9375,400.0,6,CDA,T11-T20
8,sell,282.0,902,4.0,300.0,4,7.578313253012048,14,4,3.5783132530120483,300.0,6,CDA,T11-T20
1,buy,398.0,4013,17.0,400.0,4,3.2264150943396226,15,4,13.773584905660378,400.0,6,CDA,T11-T20
2,buy,258.0,2606,15.0,400.0,4,6.569767441860465,15,4,8.430232558139535,400.0,6,CDA,T11-T20
3,buy,341.0,591,8.0,400.0,4,5.672413793103448,15,4,2.3275862068965516,400.0,6,CDA,T11-T20
4,buy,45.0,-38,6.0,400.0,4,6.2272727272727275,15,4,-0.22727272727272751,0.0,6,CDA,T11-T20
5,sell,231.0,231,6.0,400.0,4,7.4875,15,4,1.4874999999999998,200.0,6,CDA,T11-T20
6,sell,149.0,326,3.0,300.0,4,6.636363636363637,15,4,3.6363636363636367,300.0,6,CDA,T11-T20
7,sell,362.0,362,5.0,400.0,4,7.173913043478261,15,4,2.1739130434782608,400.0,6,CDA,T11-T20
8,sell,300.0,700,4.0,300.0,4,7.432835820895522,15,4,3.432835820895522,300.0,6,CDA,T11-T20
1,buy,400.0,3938,17.0,400.0,4,7.666666666666667,16,4,9.333333333333332,400.0,6,CDA,T11-T20
2,buy,399.0,3680,15.0,400.0,4,5.818181818181818,16,4,9.181818181818182,400.0,6,CDA,T11-T20
3,buy,380.0,602,8.0,400.0,4,6.0701754385964914,16,4,1.9298245614035086,400.0,6,CDA,T11-T20
4,buy,2.0,41,6.0,400.0,4,9.569444444444445,16,4,-3.5694444444444446,0.0,6,CDA,T11-T20
5,sell,236.0,236,6.0,400.0,4,7.45945945945946,16,4,1.4594594594594597,200.0,6,CDA,T11-T20
6,sell,269.0,647,3.0,300.0,4,7.4,16,4,4.4,300.0,6,CDA,T11-T20
7,sell,376.0,430,5.0,400.0,4,6.705882352941177,16,4,1.7058823529411766,400.0,6,CDA,T11-T20
8,sell,300.0,960,4.0,300.0,4,7.72289156626506,16,4,3.7228915662650603,300.0,6,CDA,T11-T20
1,buy,200.0,1382,14.0,400.0,4,6.25,17,5,7.75,200.0,14,CDA,T11-T20
2,buy,278.0,2582,16.0,300.0,4,7.126436781609195,17,5,8.873563218390805,300.0,14,CDA,T11-T20
3,buy,282.0,2214,17.0,300.0,4,8.090909090909092,17,5,8.909090909090908,300.0,14,CDA,T11-T20
4,buy,180.0,548,17.0,300.0,4,13.666666666666666,17,5,3.333333333333334,300.0,14,CDA,T11-T20
5,sell,0.0,0,14.0,400.0,4,15.0,17,5,1.0,0.0,14,CDA,T11-T20
6,sell,140.0,-140,11.0,300.0,4,14.588235294117647,17,5,3.5882352941176467,300.0,14,CDA,T11-T20
7,sell,400.0,1124,4.0,400.0,4,7.714285714285714,17,5,3.7142857142857144,400.0,14,CDA,T11-T20
8,sell,400.0,3052,3.0,400.0,4,11.380952380952381,17,5,8.380952380952381,400.0,14,CDA,T11-T20
1,buy,200.0,1272,14.0,400.0,4,9.083333333333334,18,5,4.916666666666666,200.0,14,CDA,T11-T20
2,buy,297.0,2536,16.0,300.0,4,7.574468085106383,18,5,8.425531914893618,300.0,14,CDA,T11-T20
3,buy,300.0,1890,17.0,300.0,4,12.257142857142858,18,5,4.742857142857142,300.0,14,CDA,T11-T20
4,buy,281.0,1910,17.0,300.0,4,15.75,18,5,1.25,300.0,14,CDA,T11-T20
5,sell,0.0,0,14.0,400.0,4,14.0,18,5,0.0,0.0,14,CDA,T11-T20
6,sell,278.0,-544,11.0,300.0,4,7.2,18,5,-3.8,300.0,14,CDA,T11-T20
7,sell,400.0,1610,4.0,400.0,4,15.0,18,5,11.0,400.0,14,CDA,T11-T20
8,sell,400.0,2897,3.0,400.0,4,11.206896551724139,18,5,8.206896551724139,400.0,14,CDA,T11-T20
1,buy,226.0,1088,14.0,400.0,4,11.65,19,5,2.3499999999999996,200.0,14,CDA,T11-T20
2,buy,287.0,2096,16.0,300.0,4,7.582417582417582,19,5,8.417582417582418,300.0,14,CDA,T11-T20
3,buy,218.0,1840,17.0,300.0,4,8.157142857142857,19,5,8.842857142857143,300.0,14,CDA,T11-T20
4,buy,69.0,1071,17.0,300.0,4,8.194630872483222,19,5,8.805369127516778,300.0,14,CDA,T11-T20
5,sell,0.0,0,14.0,400.0,4,14.0,19,5,0.0,0.0,14,CDA,T11-T20
6,sell,0.0,0,11.0,300.0,4,13.6,19,5,2.5999999999999996,300.0,14,CDA,T11-T20
7,sell,400.0,1690,4.0,400.0,4,8.285714285714286,19,5,4.2857142857142865,400.0,14,CDA,T11-T20
8,sell,400.0,2050,3.0,400.0,4,10.475,19,5,7.475,400.0,14,CDA,T11-T20
1,buy,400.0,1940,14.0,400.0,4,12.0,20,5,2.0,200.0,14,CDA,T11-T20
2,buy,221.0,1568,16.0,300.0,4,7.876288659793815,20,5,8.123711340206185,300.0,14,CDA,T11-T20
3,buy,300.0,2232,17.0,300.0,4,9.117647058823529,20,5,7.882352941176471,300.0,14,CDA,T11-T20
4,buy,0.0,0,17.0,300.0,4,6.0,20,5,11.0,300.0,14,CDA,T11-T20
5,sell,0.0,0,14.0,400.0,4,14.0,20,5,0.0,0.0,14,CDA,T11-T20
6,sell,121.0,-242,11.0,300.0,4,13.142857142857142,20,5,2.1428571428571423,300.0,14,CDA,T11-T20
7,sell,400.0,1963,4.0,400.0,4,9.222222222222221,20,5,5.222222222222221,400.0,14,CDA,T11-T20
8,sell,400.0,2644,3.0,400.0,4,10.691358024691358,20,5,7.6913580246913575,400.0,14,CDA,T11-T20
1,buy,288.0,540,17.0,300.0,5,16.137614678899084,1,1,0.8623853211009163,300.0,14,CDA,T1-T10
2,buy,148.0,592,14.0,400.0,5,10.78048780487805,1,1,3.2195121951219505,200.0,14,CDA,T1-T10
3,buy,77.0,143,17.0,300.0,5,9.636363636363637,1,1,7.363636363636363,300.0,14,CDA,T1-T10
4,buy,200.0,200,16.0,300.0,5,12.68421052631579,1,1,3.3157894736842106,300.0,14,CDA,T1-T10
5,sell,12.0,168,3.0,400.0,5,13.503937007874017,1,1,10.503937007874017,400.0,14,CDA,T1-T10
6,sell,271.0,2816,4.0,400.0,5,16.083333333333332,1,1,12.083333333333332,400.0,14,CDA,T1-T10
7,sell,188.0,376,14.0,400.0,5,16.746987951807228,1,1,2.7469879518072275,0.0,14,CDA,T1-T10
8,sell,242.0,228,11.0,300.0,5,14.583333333333334,1,1,3.583333333333334,300.0,14,CDA,T1-T10
1,buy,291.0,273,17.0,300.0,5,16.766423357664234,2,1,0.23357664233576614,300.0,14,CDA,T1-T10
2,buy,0.0,0,14.0,400.0,5,10.893333333333333,2,1,3.1066666666666674,200.0,14,CDA,T1-T10
3,buy,86.0,321,17.0,300.0,5,8.395604395604396,2,1,8.604395604395604,300.0,14,CDA,T1-T10
4,buy,300.0,741,16.0,300.0,5,12.72340425531915,2,1,3.2765957446808507,300.0,14,CDA,T1-T10
5,sell,134.0,1411,3.0,400.0,5,17.225806451612904,2,1,14.225806451612904,400.0,14,CDA,T1-T10
6,sell,400.0,4600,4.0,400.0,5,15.037037037037036,2,1,11.037037037037036,400.0,14,CDA,T1-T10
7,sell,1.0,1,14.0,400.0,5,15.370786516853933,2,1,1.3707865168539328,0.0,14,CDA,T1-T10
8,sell,142.0,284,11.0,300.0,5,13.9,2,1,2.9000000000000004,300.0,14,CDA,T1-T10
1,buy,296.0,513,17.0,300.0,5,17.404580152671755,3,1,-0.4045801526717554,300.0,14,CDA,T1-T10
2,buy,99.0,-198,14.0,400.0,5,14.451219512195122,3,1,-0.4512195121951219,200.0,14,CDA,T1-T10
3,buy,105.0,224,17.0,300.0,5,12.669902912621358,3,1,4.3300970873786415,300.0,14,CDA,T1-T10
4,buy,300.0,500,16.0,300.0,5,15.0,3,1,1.0,300.0,14,CDA,T1-T10
5,sell,75.0,900,3.0,400.0,5,14.698412698412698,3,1,11.698412698412698,400.0,14,CDA,T1-T10
6,sell,367.0,3888,4.0,400.0,5,8.33939393939394,3,1,4.33939393939394,400.0,14,CDA,T1-T10
7,sell,163.0,600,14.0,400.0,5,13.556390977443609,3,1,-0.4436090225563909,0.0,14,CDA,T1-T10
8,sell,195.0,456,11.0,300.0,5,8.75,3,1,-2.25,300.0,14,CDA,T1-T10
1,buy,300.0,521,17.0,300.0,5,16.136363636363637,4,1,0.8636363636363633,300.0,14,CDA,T1-T10
2,buy,0.0,0,14.0,400.0,5,10.162162162162161,4,1,3.8378378378378386,200.0,14,CDA,T1-T10
3,buy,21.0,-316,17.0,300.0,5,12.615384615384615,4,1,4.384615384615385,300.0,14,CDA,T1-T10
4,buy,300.0,600,16.0,300.0,5,14.0,4,1,2.0,300.0,14,CDA,T1-T10
5,sell,64.0,704,3.0,400.0,5,17.0,4,1,14.0,400.0,14,CDA,T1-T10
6,sell,381.0,3991,4.0,400.0,5,15.337837837837839,4,1,11.337837837837839,400.0,14,CDA,T1-T10
7,sell,27.0,577,14.0,400.0,5,15.50413223140496,4,1,1.5041322314049594,0.0,14,CDA,T1-T10
8,sell,149.0,447,11.0,300.0,5,9.767441860465116,4,1,-1.2325581395348841,300.0,14,CDA,T1-T10
1,buy,1.0,1136,6.0,400.0,5,7.507352941176471,5,2,-1.507352941176471,0.0,6,CDA,T1-T10
2,buy,10.0,20,8.0,400.0,5,6.421875,5,2,1.578125,400.0,6,CDA,T1-T10
3,buy,353.0,2104,17.0,400.0,5,12.32,5,2,4.68,400.0,6,CDA,T1-T10
4,buy,400.0,1200,15.0,400.0,5,12.0,5,2,3.0,400.0,6,CDA,T1-T10
5,sell,0.0,0,5.0,400.0,5,14.763157894736842,5,2,9.763157894736842,400.0,6,CDA,T1-T10
6,sell,200.0,1200,6.0,400.0,5,14.619565217391305,5,2,8.619565217391305,200.0,6,CDA,T1-T10
7,sell,300.0,1028,4.0,300.0,5,3.574468085106383,5,2,-0.4255319148936172,300.0,6,CDA,T1-T10
8,sell,264.0,2207,3.0,300.0,5,12.61111111111111,5,2,9.61111111111111,300.0,6,CDA,T1-T10
1,buy,0.0,0,6.0,400.0,5,6.0,6,2,0.0,0.0,6,CDA,T1-T10
2,buy,0.0,0,8.0,400.0,5,7.0,6,2,1.0,400.0,6,CDA,T1-T10
3,buy,362.0,2914,17.0,400.0,5,15.268817204301076,6,2,1.731182795698924,400.0,6,CDA,T1-T10
4,buy,400.0,1400,15.0,400.0,5,11.711864406779661,6,2,3.288135593220339,400.0,6,CDA,T1-T10
5,sell,97.0,776,5.0,400.0,5,15.029850746268657,6,2,10.029850746268657,400.0,6,CDA,T1-T10
6,sell,200.0,1000,6.0,400.0,5,12.314606741573034,6,2,6.314606741573034,200.0,6,CDA,T1-T10
7,sell,300.0,1199,4.0,300.0,5,3.8210526315789473,6,2,-0.17894736842105274,300.0,6,CDA,T1-T10
8,sell,165.0,1485,3.0,300.0,5,11.150537634408602,6,2,8.150537634408602,300.0,6,CDA,T1-T10
1,buy,0.0,0,6.0,400.0,5,6.0,7,2,0.0,0.0,6,CDA,T1-T10
2,buy,0.0,0,8.0,400.0,5,5.917808219178082,7,2,2.082191780821918,400.0,6,CDA,T1-T10
3,buy,361.0,1684,17.0,400.0,5,17.0,7,2,0.0,400.0,6,CDA,T1-T10
4,buy,400.0,2550,15.0,400.0,5,11.0,7,2,4.0,400.0,6,CDA,T1-T10
5,sell,147.0,1029,5.0,400.0,5,11.008403361344538,7,2,6.008403361344538,400.0,6,CDA,T1-T10
6,sell,283.0,1618,6.0,400.0,5,12.68421052631579,7,2,6.684210526315789,200.0,6,CDA,T1-T10
7,sell,300.0,1100,4.0,300.0,5,4.0,7,2,0.0,300.0,6,CDA,T1-T10
8,sell,31.0,430,3.0,300.0,5,10.688073394495413,7,2,7.688073394495413,300.0,6,CDA,T1-T10
1,buy,0.0,0,6.0,400.0,5,6.463636363636364,8,2,-0.46363636363636385,0.0,6,CDA,T1-T10
2,buy,100.0,100,8.0,400.0,5,5.9625,8,2,2.0374999999999996,400.0,6,CDA,T1-T10
3,buy,391.0,2755,17.0,400.0,5,17.529411764705884,8,2,-0.529411764705884,400.0,6,CDA,T1-T10
4,buy,400.0,2096,15.0,400.0,5,9.322033898305085,8,2,5.677966101694915,400.0,6,CDA,T1-T10
5,sell,119.0,595,5.0,400.0,5,12.364864864864865,8,2,7.364864864864865,400.0,6,CDA,T1-T10
6,sell,270.0,1566,6.0,400.0,5,12.08695652173913,8,2,6.086956521739131,200.0,6,CDA,T1-T10
7,sell,300.0,900,4.0,300.0,5,5.771084337349397,8,2,1.7710843373493974,300.0,6,CDA,T1-T10
8,sell,202.0,1414,3.0,300.0,5,10.526315789473685,8,2,7.526315789473685,300.0,6,CDA,T1-T10
1,buy,298.0,1596,16.0,300.0,5,13.026315789473685,9,3,2.973684210526315,300.0,9,CDA,T1-T10
2,buy,371.0,1693,15.0,400.0,5,9.0625,9,3,5.9375,400.0,9,CDA,T1-T10
3,buy,64.0,432,10.0,400.0,5,9.434343434343434,9,3,0.5656565656565657,400.0,9,CDA,T1-T10
4,buy,400.0,1832,14.0,400.0,5,9.215189873417721,9,3,4.784810126582279,400.0,9,CDA,T1-T10
5,sell,335.0,2301,3.0,400.0,5,10.6,9,3,7.6,400.0,9,CDA,T1-T10
6,sell,322.0,1881,5.0,400.0,5,11.06,9,3,6.0600000000000005,400.0,9,CDA,T1-T10
7,sell,400.0,1760,4.0,400.0,5,4.051282051282051,9,3,0.0512820512820511,400.0,9,CDA,T1-T10
8,sell,76.0,255,8.0,300.0,5,8.339285714285714,9,3,0.3392857142857135,300.0,9,CDA,T1-T10
1,buy,202.0,2008,16.0,300.0,5,11.5,10,3,4.5,300.0,9,CDA,T1-T10
2,buy,397.0,1165,15.0,400.0,5,5.020408163265306,10,3,9.979591836734695,400.0,9,CDA,T1-T10
3,buy,114.0,164,10.0,400.0,5,7.758064516129032,10,3,2.241935483870968,400.0,9,CDA,T1-T10
4,buy,399.0,1656,14.0,400.0,5,9.151515151515152,10,3,4.848484848484848,400.0,9,CDA,T1-T10
5,sell,335.0,2121,3.0,400.0,5,11.1,10,3,8.1,400.0,9,CDA,T1-T10
6,sell,263.0,1315,5.0,400.0,5,9.982300884955752,10,3,4.982300884955752,400.0,9,CDA,T1-T10
7,sell,400.0,2400,4.0,400.0,5,4.031578947368421,10,3,0.03157894736842071,400.0,9,CDA,T1-T10
8,sell,114.0,252,8.0,300.0,5,10.655172413793103,10,3,2.655172413793103,300.0,9,CDA,T1-T10
1,buy,300.0,1800,16.0,300.0,5,11.36,11,3,4.640000000000001,300.0,9,CDA,T11-T20
2,buy,400.0,2400,15.0,400.0,5,17.74390243902439,11,3,-2.7439024390243887,400.0,9,CDA,T11-T20
3,buy,109.0,109,10.0,400.0,5,8.794871794871796,11,3,1.2051282051282044,400.0,9,CDA,T11-T20
4,buy,400.0,2000,14.0,400.0,5,9.0,11,3,5.0,400.0,9,CDA,T11-T20
5,sell,395.0,2521,3.0,400.0,5,8.045454545454545,11,3,5.045454545454545,400.0,9,CDA,T11-T20
6,sell,231.0,955,5.0,400.0,5,10.426829268292684,11,3,5.426829268292684,400.0,9,CDA,T11-T20
7,sell,400.0,2000,4.0,400.0,5,4.063291139240507,11,3,0.06329113924050667,400.0,9,CDA,T11-T20
8,sell,183.0,301,8.0,300.0,5,10.320512820512821,11,3,2.320512820512821,300.0,9,CDA,T11-T20
1,buy,300.0,1900,16.0,300.0,5,10.819277108433734,12,3,5.1807228915662655,300.0,9,CDA,T11-T20
2,buy,393.0,2558,15.0,400.0,5,8.36,12,3,6.640000000000001,400.0,9,CDA,T11-T20
3,buy,52.0,432,10.0,400.0,5,7.9787234042553195,12,3,2.0212765957446805,400.0,9,CDA,T11-T20
4,buy,313.0,1565,14.0,400.0,5,9.0,12,3,5.0,400.0,9,CDA,T11-T20
5,sell,354.0,1973,3.0,400.0,5,8.628571428571428,12,3,5.628571428571428,400.0,9,CDA,T11-T20
6,sell,205.0,633,5.0,400.0,5,11.058823529411764,12,3,6.0588235294117645,400.0,9,CDA,T11-T20
7,sell,400.0,1951,4.0,400.0,5,4.0,12,3,0.0,400.0,9,CDA,T11-T20
8,sell,99.0,106,8.0,300.0,5,10.941605839416058,12,3,2.9416058394160576,300.0,9,CDA,T11-T20
1,buy,231.0,2167,17.0,400.0,5,10.848214285714286,13,4,6.1517857142857135,400.0,6,CDA,T11-T20
2,buy,397.0,2820,15.0,400.0,5,12.86021505376344,13,4,2.13978494623656,400.0,6,CDA,T11-T20
3,buy,344.0,0,8.0,400.0,5,10.76056338028169,13,4,-2.76056338028169,400.0,6,CDA,T11-T20
4,buy,200.0,200,6.0,400.0,5,4.515463917525773,13,4,1.4845360824742269,0.0,6,CDA,T11-T20
5,sell,377.0,-208,6.0,400.0,5,9.0,13,4,3.0,200.0,6,CDA,T11-T20
6,sell,294.0,1592,3.0,300.0,5,9.3125,13,4,6.3125,300.0,6,CDA,T11-T20
7,sell,329.0,1200,5.0,400.0,5,6.1688311688311686,13,4,1.1688311688311686,400.0,6,CDA,T11-T20
8,sell,172.0,586,4.0,300.0,5,13.553191489361701,13,4,9.553191489361701,300.0,6,CDA,T11-T20
1,buy,309.0,3468,17.0,400.0,5,7.055944055944056,14,4,9.944055944055943,400.0,6,CDA,T11-T20
2,buy,390.0,2720,15.0,400.0,5,10.676470588235293,14,4,4.3235294117647065,400.0,6,CDA,T11-T20
3,buy,392.0,474,8.0,400.0,5,12.357142857142858,14,4,-4.357142857142858,400.0,6,CDA,T11-T20
4,buy,114.0,114,6.0,400.0,5,4.653465346534653,14,4,1.3465346534653468,0.0,6,CDA,T11-T20
5,sell,362.0,-374,6.0,400.0,5,7.846153846153846,14,4,1.8461538461538458,200.0,6,CDA,T11-T20
6,sell,236.0,901,3.0,300.0,5,9.461538461538462,14,4,6.461538461538462,300.0,6,CDA,T11-T20
7,sell,327.0,1200,5.0,400.0,5,6.393258426966292,14,4,1.393258426966292,400.0,6,CDA,T11-T20
8,sell,280.0,785,4.0,300.0,5,2.641304347826087,14,4,-1.358695652173913,300.0,6,CDA,T11-T20
1,buy,382.0,3838,17.0,400.0,5,7.454545454545454,15,4,9.545454545454547,400.0,6,CDA,T11-T20
2,buy,349.0,2502,15.0,400.0,5,11.474683544303797,15,4,3.5253164556962027,400.0,6,CDA,T11-T20
3,buy,386.0,264,8.0,400.0,5,12.328947368421053,15,4,-4.328947368421053,400.0,6,CDA,T11-T20
4,buy,38.0,38,6.0,400.0,5,5.0,15,4,1.0,0.0,6,CDA,T11-T20
5,sell,384.0,-28,6.0,400.0,5,5.927083333333333,15,4,-0.07291666666666696,200.0,6,CDA,T11-T20
6,sell,285.0,1556,3.0,300.0,5,8.282828282828282,15,4,5.282828282828282,300.0,6,CDA,T11-T20
7,sell,291.0,1102,5.0,400.0,5,6.89,15,4,1.8899999999999997,400.0,6,CDA,T11-T20
8,sell,195.0,379,4.0,300.0,5,19.0,15,4,15.0,300.0,6,CDA,T11-T20
1,buy,331.0,4266,17.0,400.0,5,6.10062893081761,16,4,10.89937106918239,400.0,6,CDA,T11-T20
2,buy,384.0,3108,15.0,400.0,5,8.669902912621358,16,4,6.3300970873786415,400.0,6,CDA,T11-T20
3,buy,400.0,439,8.0,400.0,5,10.257142857142858,16,4,-2.257142857142858,400.0,6,CDA,T11-T20
4,buy,22.0,22,6.0,400.0,5,5.0,16,4,1.0,0.0,6,CDA,T11-T20
5,sell,322.0,-692,6.0,400.0,5,5.0,16,4,-1.0,200.0,6,CDA,T11-T20
6,sell,300.0,1200,3.0,300.0,5,4.717391304347826,16,4,1.7173913043478262,300.0,6,CDA,T11-T20
7,sell,393.0,882,5.0,400.0,5,7.511111111111111,16,4,2.511111111111111,400.0,6,CDA,T11-T20
8,sell,122.0,209,4.0,300.0,5,7.222222222222222,16,4,3.2222222222222223,300.0,6,CDA,T11-T20
1,buy,6.0,166,14.0,400.0,5,7.0,17,5,7.0,200.0,14,CDA,T11-T20
2,buy,259.0,2272,16.0,300.0,5,8.857142857142858,17,5,7.142857142857142,300.0,14,CDA,T11-T20
3,buy,291.0,1353,17.0,300.0,5,16.86,17,5,0.14000000000000057,300.0,14,CDA,T11-T20
4,buy,300.0,2500,17.0,300.0,5,8.741935483870968,17,5,8.258064516129032,300.0,14,CDA,T11-T20
5,sell,378.0,-2314,14.0,400.0,5,8.49056603773585,17,5,-5.509433962264151,0.0,14,CDA,T11-T20
6,sell,0.0,0,11.0,300.0,5,15.83673469387755,17,5,4.836734693877551,300.0,14,CDA,T11-T20
7,sell,400.0,2800,4.0,400.0,5,3.0,17,5,-1.0,400.0,14,CDA,T11-T20
8,sell,78.0,372,3.0,400.0,5,9.48,17,5,6.48,400.0,14,CDA,T11-T20
1,buy,101.0,804,14.0,400.0,5,8.480519480519481,18,5,5.519480519480519,200.0,14,CDA,T11-T20
2,buy,299.0,2094,16.0,300.0,5,10.073825503355705,18,5,5.926174496644295,300.0,14,CDA,T11-T20
3,buy,239.0,317,17.0,300.0,5,14.666666666666666,18,5,2.333333333333334,300.0,14,CDA,T11-T20
4,buy,300.0,3100,17.0,300.0,5,6.666666666666666,18,5,10.333333333333334,300.0,14,CDA,T11-T20
5,sell,17.0,264,14.0,400.0,5,9.45045045045045,18,5,-4.54954954954955,0.0,14,CDA,T11-T20
6,sell,248.0,1144,11.0,300.0,5,11.957446808510639,18,5,0.9574468085106389,300.0,14,CDA,T11-T20
7,sell,400.0,1200,4.0,400.0,5,4.351648351648351,18,5,0.3516483516483513,400.0,14,CDA,T11-T20
8,sell,274.0,1050,3.0,400.0,5,8.868852459016393,18,5,5.868852459016393,400.0,14,CDA,T11-T20
1,buy,144.0,1176,14.0,400.0,5,8.497206703910615,19,5,5.502793296089385,200.0,14,CDA,T11-T20
2,buy,300.0,2400,16.0,300.0,5,13.806451612903226,19,5,2.193548387096774,300.0,14,CDA,T11-T20
3,buy,245.0,1723,17.0,300.0,5,11.666666666666666,19,5,5.333333333333334,300.0,14,CDA,T11-T20
4,buy,200.0,2000,17.0,300.0,5,7.213483146067416,19,5,9.786516853932584,300.0,14,CDA,T11-T20
5,sell,87.0,-348,14.0,400.0,5,9.044025157232705,19,5,-4.955974842767295,0.0,14,CDA,T11-T20
6,sell,31.0,93,11.0,300.0,5,14.0,19,5,3.0,300.0,14,CDA,T11-T20
7,sell,400.0,1400,4.0,400.0,5,4.301075268817204,19,5,0.30107526881720403,400.0,14,CDA,T11-T20
8,sell,371.0,1665,3.0,400.0,5,5.634146341463414,19,5,2.6341463414634143,400.0,14,CDA,T11-T20
1,buy,188.0,1517,14.0,400.0,5,9.114093959731544,20,5,4.8859060402684555,200.0,14,CDA,T11-T20
2,buy,283.0,1893,16.0,300.0,5,13.304347826086957,20,5,2.695652173913043,300.0,14,CDA,T11-T20
3,buy,293.0,1564,17.0,300.0,5,17.416666666666668,20,5,-0.41666666666666785,300.0,14,CDA,T11-T20
4,buy,300.0,3396,17.0,300.0,5,8.0,20,5,9.0,300.0,14,CDA,T11-T20
5,sell,63.0,-276,14.0,400.0,5,11.442105263157895,20,5,-2.5578947368421048,0.0,14,CDA,T11-T20
6,sell,228.0,396,11.0,300.0,5,13.7,20,5,2.6999999999999993,300.0,14,CDA,T11-T20
7,sell,400.0,1600,4.0,400.0,5,5.136842105263158,20,5,1.1368421052631579,400.0,14,CDA,T11-T20
8,sell,373.0,1042,3.0,400.0,5,7.0,20,5,4.0,400.0,14,CDA,T11-T20
